project,stage,subject,record,file,epoch_path,matrix,matrix_path,band,component,component_1based,component_relative,edge_group,eigenvalue,eigen_score_abs_diff,eigen_score_logit,eigengap,eigen_gap_multiplier,weighted_contra,weighted_ipsi,locality,locality_ipsi,contra_local_weighted,ipsi_local_weighted,weighted_local_sum,contrast_contra,contrast_ipsi,gof,gof_coef,final_score_1,final_score_2,final_score_3,final_score_4,final_score_5,rv,x_mm,y_mm,z_mm,ori_x,ori_y,ori_z,amplitude,fit_error,dist_left_M1_mm,in_left_M1,dist_left_S1_mm,in_left_S1,dist_SMA_mm,in_SMA,dist_left_PMd_mm,in_left_PMd,dist_right_M1_mm,in_right_M1,dist_right_S1_mm,in_right_S1,dist_right_PMd_mm,in_right_PMd,roi_names,roi_count,roi_weights,best_roi,best_roi_weight,nearest_roi,nearest_roi_dist_mm
pr_Agency_EBCI,test,05_19 Darisy,01_calib,test/05_19 Darisy/01_calib,C:\Users\hodor\Documents\lab-Shishkin\projects\BCI_classifier\data\pr_Agency_EBCI\trans\test\05_19 Darisy\EPOCHS_01_calib.hdf,"MATRIX_[8, 12]_robust_concat_01_calib.hdf","C:\Users\hodor\Documents\lab-Shishkin\projects\BCI_classifier\data\pr_Agency_EBCI\features\csp\test\05_19 Darisy\MATRIX_[8, 12]_robust_concat_01_calib.hdf","[8, 12]",0,1,0,first5,0.11327903557410678,0.387,2.058,0.1454680986285264,1.999184616676959,0.4334584665357531,0.40329844366643586,0.4285714285714286,0.4285714285714286,0.6192263807653616,0.5761406338091941,1.1953670145745559,0.2812961094055703,0.24485863512080744,78.43439225095536,1.0,0.46260703464035313,2.4600653159944357,2.3897593468205143,0.46260703464035313,2.3897593468205143,21.565607749044645,-47.79355324702885,5.008879456715867,43.79803162256593,0.9292796848208122,0.056513306718740705,-0.3650280996622662,0.0004842562866553019,,33.60790112174037,True,36.42058738276264,False,51.05991641848545,False,26.64401859979518,True,89.50845035738712,False,96.72526107902887,False,77.86386640036227,False,left_M1;left_PMd,2,1;0.6,left_M1,1.0,left_PMd,26.64401859979518
pr_Agency_EBCI,test,05_19 Darisy,01_calib,test/05_19 Darisy/01_calib,C:\Users\hodor\Documents\lab-Shishkin\projects\BCI_classifier\data\pr_Agency_EBCI\trans\test\05_19 Darisy\EPOCHS_01_calib.hdf,"MATRIX_[8, 12]_robust_concat_01_calib.hdf","C:\Users\hodor\Documents\lab-Shishkin\projects\BCI_classifier\data\pr_Agency_EBCI\features\csp\test\05_19 Darisy\MATRIX_[8, 12]_robust_concat_01_calib.hdf","[8, 12]",1,2,1,first5,0.2587471342026332,0.241,1.052,0.007430951441013134,1.4891634371891367,0.13370006241609808,0.6739391946431086,0.5535714285714286,0.5535714285714286,0.20771259696786668,1.0470126773919723,1.254725274359839,0.08091256311133929,0.43499628311584365,50.209929566273146,0.504198591325463,0.3023887911207212,1.3199709886265507,1.8684910022937804,0.1524640025156773,0.9420905312608264,49.790070433726854,43.91221613263827,15.076451938643958,53.07138665584304,0.8297733061912935,-0.36546367928718965,0.42179682248001793,0.0004532310734603242,,89.00285478265411,False,97.02547742507814,False,48.95702994971925,False,75.58085894790689,False,39.97685625911956,False,45.129712599141584,False,28.1832934989492,True,right_PMd,1,0.6,right_PMd,0.6,right_PMd,28.1832934989492
pr_Agency_EBCI,test,05_19 Darisy,01_calib,test/05_19 Darisy/01_calib,C:\Users\hodor\Documents\lab-Shishkin\projects\BCI_classifier\data\pr_Agency_EBCI\trans\test\05_19 Darisy\EPOCHS_01_calib.hdf,"MATRIX_[8, 12]_robust_concat_01_calib.hdf","C:\Users\hodor\Documents\lab-Shishkin\projects\BCI_classifier\data\pr_Agency_EBCI\features\csp\test\05_19 Darisy\MATRIX_[8, 12]_robust_concat_01_calib.hdf","[8, 12]",2,3,2,first5,0.2661780856436463,0.234,1.014,0.009955623152686166,1.4773184632709142,0.1300727600117717,0.13043846976150247,0.5178571428571428,0.5178571428571428,0.1974318678750106,0.19798696303085195,0.39541883090586255,0.12684023689183402,0.1433361017420931,26.97919009522034,0.0,0.09252800643197184,0.40095469453854465,0.5841595396222303,0.0,0.0,73.02080990477967,74.38163019992422,-27.453309477924474,12.572762636819128,-0.22449355909084573,-0.9047208440902764,-0.36205363718004935,0.0001497850822233367,,118.66741160462378,False,122.90515256367306,False,89.75803748525621,False,112.89975375099803,False,58.06031198807074,False,51.08387860286726,False,66.45007008758141,False,,0,,,0.0,right_S1,51.08387860286726
pr_Agency_EBCI,test,05_19 Darisy,01_calib,test/05_19 Darisy/01_calib,C:\Users\hodor\Documents\lab-Shishkin\projects\BCI_classifier\data\pr_Agency_EBCI\trans\test\05_19 Darisy\EPOCHS_01_calib.hdf,"MATRIX_[8, 12]_robust_concat_01_calib.hdf","C:\Users\hodor\Documents\lab-Shishkin\projects\BCI_classifier\data\pr_Agency_EBCI\features\csp\test\05_19 Darisy\MATRIX_[8, 12]_robust_concat_01_calib.hdf","[8, 12]",3,4,3,first5,0.2761337087963325,0.224,0.964,0.005934100621973748,1.4533169541572886,0.2962521617782012,0.15094078379328163,0.4107142857142857,0.4107142857142857,0.4179271567942481,0.2129343199940937,0.6308614767883418,0.27418289547682656,0.12182729309211675,20.139520575724053,0.0,0.14131297080058858,0.6081504636239615,0.9168416799412019,0.0,0.0,79.86047942427595,-7.314331590156373,-80.86013555280405,4.399154414165485,-0.13636595740688606,0.7470528409783153,-0.6506276803570006,0.00012822656166220904,,81.9670046566049,False,77.8183107113852,False,92.3611930905585,False,91.64684116492025,False,88.15811704748694,False,85.34926589678413,False,96.0122316874555,False,,0,,,0.0,left_S1,77.8183107113852
pr_Agency_EBCI,test,05_19 Darisy,01_calib,test/05_19 Darisy/01_calib,C:\Users\hodor\Documents\lab-Shishkin\projects\BCI_classifier\data\pr_Agency_EBCI\trans\test\05_19 Darisy\EPOCHS_01_calib.hdf,"MATRIX_[8, 12]_robust_concat_01_calib.hdf","C:\Users\hodor\Documents\lab-Shishkin\projects\BCI_classifier\data\pr_Agency_EBCI\features\csp\test\05_19 Darisy\MATRIX_[8, 12]_robust_concat_01_calib.hdf","[8, 12]",4,5,4,first5,0.2820678094183062,0.218,0.934,0.009882804149810354,1.4446178052186347,0.13436003738068758,0.14538269952710375,0.4642857142857143,0.4642857142857143,0.1967414833074354,0.21288181002183051,0.40962329332926595,0.13909334172895313,0.12065374703470283,20.999693422955378,0.0,0.08929787794577998,0.38258815596953444,0.5917491029757532,0.0,0.0,79.00030657704463,-16.571913838175643,56.45727883455365,-1.1731712708965703,0.8301848877762015,0.5290733793306622,0.1757111589844226,0.00026756821286533477,,100.59620153138815,False,104.63667986099819,False,87.61851520045269,False,86.91440307134803,False,111.83001097755893,False,117.1875262011556,False,97.0060194581987,False,,0,,,0.0,left_PMd,86.91440307134803
pr_Agency_EBCI,test,05_19 Darisy,01_calib,test/05_19 Darisy/01_calib,C:\Users\hodor\Documents\lab-Shishkin\projects\BCI_classifier\data\pr_Agency_EBCI\trans\test\05_19 Darisy\EPOCHS_01_calib.hdf,"MATRIX_[8, 12]_robust_concat_01_calib.hdf","C:\Users\hodor\Documents\lab-Shishkin\projects\BCI_classifier\data\pr_Agency_EBCI\features\csp\test\05_19 Darisy\MATRIX_[8, 12]_robust_concat_01_calib.hdf","[8, 12]",51,52,-5,last5,0.6763288648589946,0.176,0.737,0.010700533355582742,1.3595331754823303,0.14930233051736264,0.1494896597337019,0.4821428571428571,0.4821428571428571,0.22128738273109105,0.22156503139102246,0.4428524141221135,0.16390077703695768,0.1635980621441528,27.89267972384719,0.0,0.07794202488549197,0.32638222920799764,0.602072548841453,0.0,0.0,72.1073202761528,17.280384301166244,-83.07175880407715,6.4492075745280255,0.13326290508106242,0.026402871701016573,0.9907289672232742,7.549051931648941e-05,,93.7206117643245,False,91.68233328204803,False,94.31941415447795,False,100.70433556898655,False,79.3421560717334,False,74.17914581231442,False,90.58675488536075,False,,0,,,0.0,right_S1,74.17914581231442
pr_Agency_EBCI,test,05_19 Darisy,01_calib,test/05_19 Darisy/01_calib,C:\Users\hodor\Documents\lab-Shishkin\projects\BCI_classifier\data\pr_Agency_EBCI\trans\test\05_19 Darisy\EPOCHS_01_calib.hdf,"MATRIX_[8, 12]_robust_concat_01_calib.hdf","C:\Users\hodor\Documents\lab-Shishkin\projects\BCI_classifier\data\pr_Agency_EBCI\features\csp\test\05_19 Darisy\MATRIX_[8, 12]_robust_concat_01_calib.hdf","[8, 12]",52,53,-4,last5,0.6810328508338943,0.181,0.759,0.004703985974899738,1.3654056858458274,0.33224435526010665,0.15334225872455148,0.4821428571428571,0.4821428571428571,0.49243359797480096,0.22727513346674597,0.7197087314415469,0.25207758137241015,0.12656873027840726,42.14584744924873,0.34291694898497455,0.13026728039091998,0.5462589271641342,0.9826943940631758,0.04467085834422448,0.33698256339678256,57.85415255075127,12.594399016152348,-83.94548467455594,6.46353882696834,-0.7421316962866129,-0.668190814677974,-0.05255074258980309,0.00011344365250254298,,91.69916975717787,False,89.24255160443714,False,94.28745567661106,False,99.34527094674952,False,81.2104936312407,False,76.47466235399168,False,91.97233371875487,False,,0,,,0.0,right_S1,76.47466235399168
pr_Agency_EBCI,test,05_19 Darisy,01_calib,test/05_19 Darisy/01_calib,C:\Users\hodor\Documents\lab-Shishkin\projects\BCI_classifier\data\pr_Agency_EBCI\trans\test\05_19 Darisy\EPOCHS_01_calib.hdf,"MATRIX_[8, 12]_robust_concat_01_calib.hdf","C:\Users\hodor\Documents\lab-Shishkin\projects\BCI_classifier\data\pr_Agency_EBCI\features\csp\test\05_19 Darisy\MATRIX_[8, 12]_robust_concat_01_calib.hdf","[8, 12]",53,54,-3,last5,0.7024184453462298,0.202,0.859,0.02138559451233546,1.4212795603659671,0.32824979488340345,0.3239423158175813,0.5714285714285714,0.5714285714285714,0.5158211062453483,0.5090522105704849,1.024873316815833,0.14621047457328007,0.16362537429898436,25.06946226957923,0.0,0.20702440999679828,0.8803661791448005,1.4566314971548178,0.0,0.0,74.93053773042077,16.632743427120886,-56.81667485680253,34.31527745264204,0.43467845823542883,-0.4555567257386487,-0.7768672393532581,0.00019950426408720036,,65.70667409995826,False,66.85568086365647,False,58.48032728670168,False,69.60874026917793,False,43.843494018756296,False,40.93142030258387,False,54.61235627606938,False,,0,,,0.0,right_S1,40.93142030258387
pr_Agency_EBCI,test,05_19 Darisy,01_calib,test/05_19 Darisy/01_calib,C:\Users\hodor\Documents\lab-Shishkin\projects\BCI_classifier\data\pr_Agency_EBCI\trans\test\05_19 Darisy\EPOCHS_01_calib.hdf,"MATRIX_[8, 12]_robust_concat_01_calib.hdf","C:\Users\hodor\Documents\lab-Shishkin\projects\BCI_classifier\data\pr_Agency_EBCI\features\csp\test\05_19 Darisy\MATRIX_[8, 12]_robust_concat_01_calib.hdf","[8, 12]",54,55,-2,last5,0.711094208327682,0.211,0.901,0.008675762981452229,1.4293223439563456,0.1143493997150566,0.07532385911048577,0.4642857142857143,0.4642857142857143,0.16744019243990432,0.11029565084035417,0.27773584328025847,0.19208234796864485,0.13252404384600563,31.344695054926557,0.0,0.05860226293213453,0.2502399947955129,0.3969740465180313,0.0,0.0,68.65530494507344,50.03992900215322,22.580262962888693,64.80916050084373,-0.4008488483645903,-0.9002602228384469,-0.1698579757905167,8.694678892681516e-05,,98.23538868003249,False,106.7712844200364,False,58.02749858726165,False,84.27920449476349,False,49.4412966335531,False,54.71196491026953,False,38.710622082692005,False,,0,,,0.0,right_PMd,38.710622082692005
pr_Agency_EBCI,test,05_19 Darisy,01_calib,test/05_19 Darisy/01_calib,C:\Users\hodor\Documents\lab-Shishkin\projects\BCI_classifier\data\pr_Agency_EBCI\trans\test\05_19 Darisy\EPOCHS_01_calib.hdf,"MATRIX_[8, 12]_robust_concat_01_calib.hdf","C:\Users\hodor\Documents\lab-Shishkin\projects\BCI_classifier\data\pr_Agency_EBCI\features\csp\test\05_19 Darisy\MATRIX_[8, 12]_robust_concat_01_calib.hdf","[8, 12]",55,56,-1,last5,0.7450446774681566,0.245,1.072,0.033950469140474615,1.523271459757665,0.45846956527630006,0.6315475590319418,0.4821428571428571,0.4821428571428571,0.679517391391659,0.9360437035651995,1.6155610949568584,0.15149355567565828,0.20749510881994684,47.96239007488648,0.4592478014977296,0.3958124682644303,1.7318814937937523,2.4609381074426255,0.18177600585582948,1.1301804154650092,52.03760992511352,45.13191071799382,3.7936374067455274,54.211798373245344,-0.32405950128836425,-0.9224553878288765,-0.20990830638689323,0.00028268017106494026,,85.77919842309144,False,93.48193326301573,False,46.33740573528817,False,74.0983394793995,False,29.309993836863608,True,34.010452010638815,True,20.875581744924546,True,right_M1;right_S1;right_PMd,3,1;0.8;0.6,right_M1,1.0,right_PMd,20.875581744924546
pr_Agency_EBCI,test,05_19 Darisy,01_calib,test/05_19 Darisy/01_calib,C:\Users\hodor\Documents\lab-Shishkin\projects\BCI_classifier\data\pr_Agency_EBCI\trans\test\05_19 Darisy\EPOCHS_01_calib.hdf,"MATRIX_[9, 13]_robust_concat_01_calib.hdf","C:\Users\hodor\Documents\lab-Shishkin\projects\BCI_classifier\data\pr_Agency_EBCI\features\csp\test\05_19 Darisy\MATRIX_[9, 13]_robust_concat_01_calib.hdf","[9, 13]",0,1,0,first5,0.11303579507294,0.387,2.06,0.14819018208878626,2.003398401873441,0.48502276704098524,0.43672517441510816,0.4285714285714286,0.4285714285714286,0.6928896672014075,0.6238931063072974,1.316782773508705,0.2816115953468417,0.23465678101953952,80.3492843535333,1.0,0.5095949333478689,2.7125725134279324,2.638040504061817,0.5095949333478689,2.638040504061817,19.650715646466693,-47.531961780238674,5.143692944388445,44.62989265852987,0.9480529846233892,0.046529817832435344,-0.314691141278499,0.0005374787476868558,,33.34097062015795,True,36.33180751259524,False,50.61846553817408,False,26.144474294917924,True,89.19766150661465,False,96.464344792324,False,77.50556919050628,False,left_M1;left_PMd,2,1;0.6,left_M1,1.0,left_PMd,26.144474294917924
pr_Agency_EBCI,test,05_19 Darisy,01_calib,test/05_19 Darisy/01_calib,C:\Users\hodor\Documents\lab-Shishkin\projects\BCI_classifier\data\pr_Agency_EBCI\trans\test\05_19 Darisy\EPOCHS_01_calib.hdf,"MATRIX_[9, 13]_robust_concat_01_calib.hdf","C:\Users\hodor\Documents\lab-Shishkin\projects\BCI_classifier\data\pr_Agency_EBCI\features\csp\test\05_19 Darisy\MATRIX_[9, 13]_robust_concat_01_calib.hdf","[9, 13]",1,2,1,first5,0.26122597716172624,0.239,1.04,0.013641188310952623,1.4910409760252707,0.12052500663436887,0.5183806947234924,0.5178571428571428,0.5178571428571428,0.1829397422128813,0.7868278402053008,0.9697675824181822,0.09319569688565194,0.42499391159447264,43.516194214039174,0.3703238842807835,0.23177445219794554,1.0085582857149096,1.4459632026064735,0.08583161541499397,0.5354747097163108,56.483805785960826,46.01450867026736,17.51643689572065,55.77716389131189,-0.6979668880248084,0.45832860265293907,-0.5502518652500585,0.00032868970395387415,,91.92411990806902,False,100.09311903820063,False,51.72329081567229,False,78.28975476705564,False,42.70778116871151,False,47.8350815008241,False,31.23556835429391,True,right_PMd,1,0.6,right_PMd,0.6,right_PMd,31.23556835429391
pr_Agency_EBCI,test,05_19 Darisy,01_calib,test/05_19 Darisy/01_calib,C:\Users\hodor\Documents\lab-Shishkin\projects\BCI_classifier\data\pr_Agency_EBCI\trans\test\05_19 Darisy\EPOCHS_01_calib.hdf,"MATRIX_[9, 13]_robust_concat_01_calib.hdf","C:\Users\hodor\Documents\lab-Shishkin\projects\BCI_classifier\data\pr_Agency_EBCI\features\csp\test\05_19 Darisy\MATRIX_[9, 13]_robust_concat_01_calib.hdf","[9, 13]",2,3,2,first5,0.27486716547267886,0.225,0.97,0.0058792882457927576,1.4552913594212136,0.11744516406873927,0.2880761564940926,0.5178571428571428,0.5178571428571428,0.17826498117576495,0.4372584518213905,0.6155234329971555,0.06772007344390833,0.19944608327260288,22.201060398250263,0.0,0.13849277242436,0.5970577300072408,0.8957659335620427,0.0,0.0,77.79893960174974,3.5136530689009398,-65.58313232738065,2.619042974558954,-0.6248924935559168,-0.6214593328682994,0.47254382769046616,0.0002108929044179034,,78.35823023753088,False,76.00086077573472,False,81.42202292306732,False,84.60764759365235,False,75.06028379933134,False,72.01275666906008,False,82.24916344629142,False,,0,,,0.0,right_S1,72.01275666906008
pr_Agency_EBCI,test,05_19 Darisy,01_calib,test/05_19 Darisy/01_calib,C:\Users\hodor\Documents\lab-Shishkin\projects\BCI_classifier\data\pr_Agency_EBCI\trans\test\05_19 Darisy\EPOCHS_01_calib.hdf,"MATRIX_[9, 13]_robust_concat_01_calib.hdf","C:\Users\hodor\Documents\lab-Shishkin\projects\BCI_classifier\data\pr_Agency_EBCI\features\csp\test\05_19 Darisy\MATRIX_[9, 13]_robust_concat_01_calib.hdf","[9, 13]",3,4,3,first5,0.2807464537184716,0.219,0.941,0.012474905541976944,1.4489280172547718,0.23323820299024117,0.06586981786069249,0.5357142857142857,0.5357142857142857,0.3581872403064418,0.10115722028606346,0.4593444605925052,0.2757252911658625,0.0866218335177537,28.302893402164532,0.0,0.10059643686975864,0.4322431374175474,0.6655570585232613,0.0,0.0,71.69710659783547,-52.45936178693348,-32.68841162138248,45.68338445776634,0.7185040897305126,-0.32818482539238614,-0.6132263802403617,8.647105777918513e-05,,21.279841239586286,True,12.511012666620417,True,60.132811113234276,False,36.25204275150812,False,89.48172852879193,False,94.70849073947467,False,84.79185765032938,False,left_M1;left_S1,2,1;0.8,left_M1,1.0,left_S1,12.511012666620417
pr_Agency_EBCI,test,05_19 Darisy,01_calib,test/05_19 Darisy/01_calib,C:\Users\hodor\Documents\lab-Shishkin\projects\BCI_classifier\data\pr_Agency_EBCI\trans\test\05_19 Darisy\EPOCHS_01_calib.hdf,"MATRIX_[9, 13]_robust_concat_01_calib.hdf","C:\Users\hodor\Documents\lab-Shishkin\projects\BCI_classifier\data\pr_Agency_EBCI\features\csp\test\05_19 Darisy\MATRIX_[9, 13]_robust_concat_01_calib.hdf","[9, 13]",4,5,4,first5,0.29322135926044857,0.207,0.88,0.004663251734250418,1.4178611724359593,0.21971278070815725,0.5514929261157113,0.4642857142857143,0.4642857142857143,0.3217222860369446,0.8075432132408631,1.1292654992778077,0.11828264369300001,0.27606932796776235,37.71818985897015,0.254363797179403,0.2337579583505062,0.9937536393644708,1.6011417047975114,0.05945956190693949,0.40727248385459774,62.28181014102985,-30.91872253196404,-69.4254976381521,0.7279390801153724,-0.3404374784679741,0.34849599998077724,-0.8732999835404589,0.00017394436511397363,,71.72374735547753,False,65.62003356683002,False,90.87821584773104,False,82.68380385326174,False,97.96219668481913,False,97.46965779503823,False,101.48649340293827,False,,0,,,0.0,left_S1,65.62003356683002
pr_Agency_EBCI,test,05_19 Darisy,01_calib,test/05_19 Darisy/01_calib,C:\Users\hodor\Documents\lab-Shishkin\projects\BCI_classifier\data\pr_Agency_EBCI\trans\test\05_19 Darisy\EPOCHS_01_calib.hdf,"MATRIX_[9, 13]_robust_concat_01_calib.hdf","C:\Users\hodor\Documents\lab-Shishkin\projects\BCI_classifier\data\pr_Agency_EBCI\features\csp\test\05_19 Darisy\MATRIX_[9, 13]_robust_concat_01_calib.hdf","[9, 13]",51,52,-5,last5,0.6810376433176122,0.181,0.759,0.005901926758028697,1.3662729949728127,0.33173076163435333,0.10244363832931848,0.5535714285714286,0.5535714285714286,0.5153674332533704,0.15915350954733407,0.6745209428007045,0.32677253203121187,0.11585913294864733,26.865846963070762,0.0,0.12208829064692751,0.5119613955857347,0.9215797486922038,0.0,0.0,73.13415303692923,-2.1313417023857144,-66.27707200326883,23.369885239002432,0.7686518975283047,-0.46505306148367237,-0.43920372315225215,0.0002628347752237674,,63.238921728362875,False,61.03457494576472,False,69.54935567709772,False,71.62491879722295,False,65.6206859649421,False,63.90058485499933,False,73.27236357164944,False,,0,,,0.0,left_S1,61.03457494576472
pr_Agency_EBCI,test,05_19 Darisy,01_calib,test/05_19 Darisy/01_calib,C:\Users\hodor\Documents\lab-Shishkin\projects\BCI_classifier\data\pr_Agency_EBCI\trans\test\05_19 Darisy\EPOCHS_01_calib.hdf,"MATRIX_[9, 13]_robust_concat_01_calib.hdf","C:\Users\hodor\Documents\lab-Shishkin\projects\BCI_classifier\data\pr_Agency_EBCI\features\csp\test\05_19 Darisy\MATRIX_[9, 13]_robust_concat_01_calib.hdf","[9, 13]",52,53,-4,last5,0.6977059214601423,0.198,0.836,0.016668278142530135,1.409201276288884,0.543253104976184,0.16493080490186718,0.4464285714285714,0.4464285714285714,0.7857768125548374,0.23856062851877216,1.0243374410736097,0.2599555958211999,0.07759206823212991,25.95397361149593,0.0,0.20281881333257473,0.8563461007375377,1.4434976293114201,0.0,0.0,74.04602638850407,28.933436731676657,1.7476176480053445,14.486076981711783,0.5872283552025717,0.7593384702143032,-0.28029974402179564,0.00048269197877189534,,81.25698015987852,False,86.2946006023133,False,52.82642176758836,False,71.13253877277188,False,49.358706783519494,False,50.85214569898788,False,42.65317289853252,False,,0,,,0.0,right_PMd,42.65317289853252
pr_Agency_EBCI,test,05_19 Darisy,01_calib,test/05_19 Darisy/01_calib,C:\Users\hodor\Documents\lab-Shishkin\projects\BCI_classifier\data\pr_Agency_EBCI\trans\test\05_19 Darisy\EPOCHS_01_calib.hdf,"MATRIX_[9, 13]_robust_concat_01_calib.hdf","C:\Users\hodor\Documents\lab-Shishkin\projects\BCI_classifier\data\pr_Agency_EBCI\features\csp\test\05_19 Darisy\MATRIX_[9, 13]_robust_concat_01_calib.hdf","[9, 13]",53,54,-3,last5,0.7031144892710733,0.203,0.862,0.00540856781093102,1.410391757062476,0.04863962318892186,0.19098635698743074,0.5535714285714286,0.5535714285714286,0.07556512888278931,0.2967109474626156,0.37227607634540494,0.05601160015025714,0.31238843095541213,20.149871603276836,0.0,0.0755720434981172,0.32090197780973906,0.5250551094291201,0.0,0.0,79.85012839672316,14.30985252244803,-83.43963923680049,-8.874110404254013,-0.746668309246861,-0.5878225539162593,0.31136968554083816,5.752679796559044e-05,,101.35483300846981,False,98.65217610559101,False,103.31416285631113,False,108.11990098678989,False,90.62109804533537,False,85.60488669811596,False,100.43510097012434,False,,0,,,0.0,right_S1,85.60488669811596
pr_Agency_EBCI,test,05_19 Darisy,01_calib,test/05_19 Darisy/01_calib,C:\Users\hodor\Documents\lab-Shishkin\projects\BCI_classifier\data\pr_Agency_EBCI\trans\test\05_19 Darisy\EPOCHS_01_calib.hdf,"MATRIX_[9, 13]_robust_concat_01_calib.hdf","C:\Users\hodor\Documents\lab-Shishkin\projects\BCI_classifier\data\pr_Agency_EBCI\features\csp\test\05_19 Darisy\MATRIX_[9, 13]_robust_concat_01_calib.hdf","[9, 13]",54,55,-2,last5,0.729800641075215,0.23,0.994,0.02668615180414169,1.4845512596598103,0.32792481084824265,0.3415063859521386,0.5,0.5,0.491887216272364,0.512259578928208,1.004146795200572,0.1628818623796013,0.17914454884915954,34.705984863575374,0.0,0.2309537628961316,0.9981219144293686,1.4907073896983707,0.0,0.0,65.29401513642463,82.11067005133499,-19.626254404771398,-10.625901878537466,-0.4090397195849989,0.8893690210511099,0.2042284314105548,0.00011080472896894724,,135.6770829272048,False,139.4025702932556,False,107.87655609086436,False,129.22283177429185,False,81.14391131960159,False,75.08983976372429,False,86.61492484564891,False,,0,,,0.0,right_S1,75.08983976372429
pr_Agency_EBCI,test,05_19 Darisy,01_calib,test/05_19 Darisy/01_calib,C:\Users\hodor\Documents\lab-Shishkin\projects\BCI_classifier\data\pr_Agency_EBCI\trans\test\05_19 Darisy\EPOCHS_01_calib.hdf,"MATRIX_[9, 13]_robust_concat_01_calib.hdf","C:\Users\hodor\Documents\lab-Shishkin\projects\BCI_classifier\data\pr_Agency_EBCI\features\csp\test\05_19 Darisy\MATRIX_[9, 13]_robust_concat_01_calib.hdf","[9, 13]",55,56,-1,last5,0.754045272282775,0.254,1.12,0.02424463120755993,1.532632545306881,0.3941855239037383,0.6437233648531085,0.5,0.5,0.5912782858556074,0.9655850472796628,1.5568633331352701,0.14060222392973615,0.22688426069070577,55.33761536028244,0.6067523072056489,0.39544328661635864,1.7436869331115028,2.3860994129580635,0.2399361265234603,1.4477713240343495,44.66238463971756,48.57271567339851,9.236872635243529,59.91568576480167,-0.39673647338955875,-0.853193460926543,-0.33861643332036206,0.0002513574888358511,,90.95365047074019,False,99.02326534595642,False,50.942524942732376,False,78.58640568731596,False,35.75046121358704,False,40.56341759078917,False,27.123403242048635,True,right_PMd,1,0.6,right_PMd,0.6,right_PMd,27.123403242048635
pr_Agency_EBCI,test,05_19 Darisy,01_calib,test/05_19 Darisy/01_calib,C:\Users\hodor\Documents\lab-Shishkin\projects\BCI_classifier\data\pr_Agency_EBCI\trans\test\05_19 Darisy\EPOCHS_01_calib.hdf,"MATRIX_[10, 14]_robust_concat_01_calib.hdf","C:\Users\hodor\Documents\lab-Shishkin\projects\BCI_classifier\data\pr_Agency_EBCI\features\csp\test\05_19 Darisy\MATRIX_[10, 14]_robust_concat_01_calib.hdf","[10, 14]",0,1,0,first5,0.1191752207342797,0.381,2.0,0.15204852619757997,1.9937219539251116,0.49800458117073726,0.6329508554057097,0.4285714285714286,0.4285714285714286,0.7114351159581961,0.9042155077224425,1.6156506236806387,0.22013830445495378,0.262966125317919,77.49612500797394,1.0,0.6155628876223234,3.2313012473612774,3.221158118304888,0.6155628876223234,3.221158118304888,22.503874992026056,-47.313238039527555,5.1173293405596025,43.27447551486662,0.9502323617897219,0.007143087698105324,-0.3114601658409375,0.000602469957024019,,33.73050839058545,True,36.57310618499163,False,50.783644776775596,False,26.589555581503973,True,89.1675584166087,False,96.36501484802098,False,77.49894919577282,False,left_M1;left_PMd,2,1;0.6,left_M1,1.0,left_PMd,26.589555581503973
pr_Agency_EBCI,test,05_19 Darisy,01_calib,test/05_19 Darisy/01_calib,C:\Users\hodor\Documents\lab-Shishkin\projects\BCI_classifier\data\pr_Agency_EBCI\trans\test\05_19 Darisy\EPOCHS_01_calib.hdf,"MATRIX_[10, 14]_robust_concat_01_calib.hdf","C:\Users\hodor\Documents\lab-Shishkin\projects\BCI_classifier\data\pr_Agency_EBCI\features\csp\test\05_19 Darisy\MATRIX_[10, 14]_robust_concat_01_calib.hdf","[10, 14]",1,2,1,first5,0.2712237469318597,0.229,0.988,0.01051900931398575,1.467635412531611,0.1224037829497035,0.18806225072531493,0.4642857142857143,0.4642857142857143,0.17923411074778015,0.2753768671334969,0.454610977881277,0.1312149319205458,0.17365310589069757,25.093616569852667,0.0,0.10410591393481244,0.44915564614670167,0.6672031700641871,0.0,0.0,74.90638343014733,-53.132016664730415,1.0841023127054639,61.15599749897311,-0.3730155185010847,-0.9242933334302994,-0.08087803616354995,0.000122536626153551,,30.810752896420645,True,34.26332590119907,True,53.695027895063006,False,27.216235718287805,True,92.73787194973515,False,100.49952388686471,False,81.80164639616498,False,left_M1;left_S1;left_PMd,3,1;0.8;0.6,left_M1,1.0,left_PMd,27.216235718287805
pr_Agency_EBCI,test,05_19 Darisy,01_calib,test/05_19 Darisy/01_calib,C:\Users\hodor\Documents\lab-Shishkin\projects\BCI_classifier\data\pr_Agency_EBCI\trans\test\05_19 Darisy\EPOCHS_01_calib.hdf,"MATRIX_[10, 14]_robust_concat_01_calib.hdf","C:\Users\hodor\Documents\lab-Shishkin\projects\BCI_classifier\data\pr_Agency_EBCI\features\csp\test\05_19 Darisy\MATRIX_[10, 14]_robust_concat_01_calib.hdf","[10, 14]",2,3,2,first5,0.28174275624584544,0.218,0.936,0.014474549559218675,1.4486218072156387,0.19738225352170238,0.6061786750856786,0.5,0.5,0.2960733802825536,0.9092680126285179,1.2053413929110715,0.10608879342873895,0.3454226587669159,34.04589622855908,0.0,0.26276442365461355,1.128199543764763,1.7460838269106516,0.0,0.0,65.95410377144091,0.8715936304609576,-19.50460037574582,-16.26553069365196,0.9699457830006993,0.11557516147323584,0.21412043361060978,0.0006839094922472856,,81.2528766325645,False,81.29151022446386,False,75.48842928538794,False,78.66531430689918,False,80.47683193491385,False,80.38583149197794,False,78.0423807196552,False,,0,,,0.0,SMA,75.48842928538794
pr_Agency_EBCI,test,05_19 Darisy,01_calib,test/05_19 Darisy/01_calib,C:\Users\hodor\Documents\lab-Shishkin\projects\BCI_classifier\data\pr_Agency_EBCI\trans\test\05_19 Darisy\EPOCHS_01_calib.hdf,"MATRIX_[10, 14]_robust_concat_01_calib.hdf","C:\Users\hodor\Documents\lab-Shishkin\projects\BCI_classifier\data\pr_Agency_EBCI\features\csp\test\05_19 Darisy\MATRIX_[10, 14]_robust_concat_01_calib.hdf","[10, 14]",3,4,3,first5,0.2962173058050641,0.204,0.865,0.0022895063488449496,1.4098682371806575,0.05236309660651908,0.3927864577824506,0.6428571428571428,0.6428571428571428,0.0860250872821385,0.6452920377854545,0.731317125067593,0.04199242459740892,0.4647218944119564,35.66872610554584,0.21337452211091687,0.14918869351378897,0.632589313183468,1.031060785939074,0.031833066182856765,0.22000210246705626,64.33127389445416,41.654899678239076,3.8089274822283206,39.104071970385284,0.952746787550931,-0.20214378829579224,0.22674092631196277,0.0004193156459123718,,84.19674741776626,False,91.14543750193873,False,46.780357220270936,False,72.64109168678563,False,33.02706045146468,True,36.18656700318027,False,24.726088196178974,True,right_M1;right_PMd,2,1;0.6,right_M1,1.0,right_PMd,24.726088196178974
pr_Agency_EBCI,test,05_19 Darisy,01_calib,test/05_19 Darisy/01_calib,C:\Users\hodor\Documents\lab-Shishkin\projects\BCI_classifier\data\pr_Agency_EBCI\trans\test\05_19 Darisy\EPOCHS_01_calib.hdf,"MATRIX_[10, 14]_robust_concat_01_calib.hdf","C:\Users\hodor\Documents\lab-Shishkin\projects\BCI_classifier\data\pr_Agency_EBCI\features\csp\test\05_19 Darisy\MATRIX_[10, 14]_robust_concat_01_calib.hdf","[10, 14]",4,5,4,first5,0.29850681215390906,0.201,0.854,0.007693750762612472,1.4081857756131404,0.38123519404927025,0.24166014945105932,0.4285714285714286,0.4285714285714286,0.5446217057846718,0.34522878493008474,0.8898504907147566,0.25506821464909457,0.16598674757421242,22.215264869585628,0.0,0.17885994863366608,0.7599323190704022,1.2530748034468933,0.0,0.0,77.78473513041438,39.69308296470335,27.818154238230825,69.73930408495428,-0.5891625513598133,0.6250980242196649,-0.5119960431408299,0.00010554884326951601,,92.75415027963646,False,101.64340447472345,False,53.451095888883486,False,77.80785391616162,False,53.73572784637892,False,60.52225817946706,False,40.10532182880434,False,,0,,,0.0,right_PMd,40.10532182880434
pr_Agency_EBCI,test,05_19 Darisy,01_calib,test/05_19 Darisy/01_calib,C:\Users\hodor\Documents\lab-Shishkin\projects\BCI_classifier\data\pr_Agency_EBCI\trans\test\05_19 Darisy\EPOCHS_01_calib.hdf,"MATRIX_[10, 14]_robust_concat_01_calib.hdf","C:\Users\hodor\Documents\lab-Shishkin\projects\BCI_classifier\data\pr_Agency_EBCI\features\csp\test\05_19 Darisy\MATRIX_[10, 14]_robust_concat_01_calib.hdf","[10, 14]",51,52,-5,last5,0.6916460003449358,0.192,0.808,0.018902424335645707,1.398517061889776,0.23925887110622207,0.10168085341848744,0.4464285714285714,0.4464285714285714,0.3460708671357855,0.14707409155174075,0.4931449586875263,0.22232216370144917,0.10071950211685042,38.894040339614136,0.2778808067922828,0.09468383206800504,0.39846112661952127,0.6896716387094343,0.026310819645242258,0.19164651138633335,61.105959660385864,11.019989775114574,-63.1241269069993,22.67844071054837,0.13950652874687586,-0.5554673795911287,0.8197523520229522,0.00017727435610663116,,69.6556032072604,False,69.05129208254598,False,68.06040405528634,False,75.30972900488655,False,57.14039316062506,False,54.00669084520758,False,66.613185091066,False,,0,,,0.0,right_S1,54.00669084520758
pr_Agency_EBCI,test,05_19 Darisy,01_calib,test/05_19 Darisy/01_calib,C:\Users\hodor\Documents\lab-Shishkin\projects\BCI_classifier\data\pr_Agency_EBCI\trans\test\05_19 Darisy\EPOCHS_01_calib.hdf,"MATRIX_[10, 14]_robust_concat_01_calib.hdf","C:\Users\hodor\Documents\lab-Shishkin\projects\BCI_classifier\data\pr_Agency_EBCI\features\csp\test\05_19 Darisy\MATRIX_[10, 14]_robust_concat_01_calib.hdf","[10, 14]",52,53,-4,last5,0.706601597910716,0.207,0.879,0.014955597565780132,1.426383234784466,0.14981008241160804,0.5036076403754363,0.6071428571428572,0.6071428571428572,0.24076620387579864,0.8093694220319512,1.05013562590775,0.08050231041288831,0.2688231798163628,24.123485620528108,0.0,0.21737807456290423,0.9230692151729122,1.4978958510447062,0.0,0.0,75.8765143794719,-55.5096885285992,-34.41161570412386,-19.315092907766136,-0.8863764388268248,-0.09159408115838043,-0.4538142053631951,0.00027061637497418354,,78.49454062391065,False,72.71737422173571,False,99.32859114473247,False,84.419900655878,False,118.97389653145368,False,120.88607937437884,False,115.51538746829974,False,,0,,,0.0,left_S1,72.71737422173571
pr_Agency_EBCI,test,05_19 Darisy,01_calib,test/05_19 Darisy/01_calib,C:\Users\hodor\Documents\lab-Shishkin\projects\BCI_classifier\data\pr_Agency_EBCI\trans\test\05_19 Darisy\EPOCHS_01_calib.hdf,"MATRIX_[10, 14]_robust_concat_01_calib.hdf","C:\Users\hodor\Documents\lab-Shishkin\projects\BCI_classifier\data\pr_Agency_EBCI\features\csp\test\05_19 Darisy\MATRIX_[10, 14]_robust_concat_01_calib.hdf","[10, 14]",53,54,-3,last5,0.7137710477725925,0.214,0.914,0.007169449861876509,1.4341370490817662,0.14070916630259717,0.14681600298696923,0.5178571428571428,0.5178571428571428,0.21357641313787068,0.22284571881950685,0.43642213195737756,0.1282646859291944,0.14385447924548936,31.125395408016228,0.0,0.0933943362388788,0.3988898286090431,0.6258891484793266,0.0,0.0,68.87460459198377,41.84666047098563,-70.63763472333888,-22.553062162011976,-0.07616004821337473,-0.27148652434224724,0.9594241575844872,0.00022701625171561588,,120.02397716332106,False,119.33079613317378,False,111.43591269819035,False,122.36262843577892,False,91.54144409107542,False,84.90936312711041,False,101.418868387308,False,,0,,,0.0,right_S1,84.90936312711041
pr_Agency_EBCI,test,05_19 Darisy,01_calib,test/05_19 Darisy/01_calib,C:\Users\hodor\Documents\lab-Shishkin\projects\BCI_classifier\data\pr_Agency_EBCI\trans\test\05_19 Darisy\EPOCHS_01_calib.hdf,"MATRIX_[10, 14]_robust_concat_01_calib.hdf","C:\Users\hodor\Documents\lab-Shishkin\projects\BCI_classifier\data\pr_Agency_EBCI\features\csp\test\05_19 Darisy\MATRIX_[10, 14]_robust_concat_01_calib.hdf","[10, 14]",54,55,-2,last5,0.7306175734862471,0.231,0.998,0.016846525713654636,1.477566189759417,0.12414349200123205,0.2857143070772791,0.4821428571428571,0.4821428571428571,0.18399838993039752,0.42346941941811006,0.6074678093485075,0.09891141671371718,0.27087720270407034,24.076575265446298,0.0,0.14032506395950525,0.6062528737298105,0.8975738964605742,0.0,0.0,75.9234247345537,81.39365632646899,-23.04234113433858,-9.528526047172125,0.5473324658471573,-0.7302857802010014,-0.40879071793019595,8.388803559642211e-05,,134.44766781954607,False,138.0585490146959,False,107.12362256586601,False,128.40261600602358,False,79.72132005369374,False,73.38956801342003,False,85.85535678468648,False,,0,,,0.0,right_S1,73.38956801342003
pr_Agency_EBCI,test,05_19 Darisy,01_calib,test/05_19 Darisy/01_calib,C:\Users\hodor\Documents\lab-Shishkin\projects\BCI_classifier\data\pr_Agency_EBCI\trans\test\05_19 Darisy\EPOCHS_01_calib.hdf,"MATRIX_[10, 14]_robust_concat_01_calib.hdf","C:\Users\hodor\Documents\lab-Shishkin\projects\BCI_classifier\data\pr_Agency_EBCI\features\csp\test\05_19 Darisy\MATRIX_[10, 14]_robust_concat_01_calib.hdf","[10, 14]",55,56,-1,last5,0.7433148690873775,0.243,1.063,0.01269729560113042,1.4983417713242988,0.6979445234010051,0.6095845883750588,0.5,0.5,1.0469167851015078,0.9143768825625882,1.961293667664096,0.19566838982761367,0.17732223549062395,36.50988113119943,0.23019762262398857,0.4765943612423753,2.084855168726934,2.9386882280949522,0.1097108889139932,0.6764790437405594,63.49011886880057,47.102530547706955,6.408947821369305,62.70971666616604,-0.2147946851504854,-0.9592163563428571,-0.18375860511942507,0.00018972038405019724,,88.74545052438211,False,96.84818254636376,False,48.936814374320434,False,76.76606131441436,False,33.060408193271805,True,38.29288877218628,False,24.850447649594706,True,right_M1;right_PMd,2,1;0.6,right_M1,1.0,right_PMd,24.850447649594706
pr_Agency_EBCI,test,05_19 Darisy,01_calib,test/05_19 Darisy/01_calib,C:\Users\hodor\Documents\lab-Shishkin\projects\BCI_classifier\data\pr_Agency_EBCI\trans\test\05_19 Darisy\EPOCHS_01_calib.hdf,"MATRIX_[8, 15]_robust_concat_01_calib.hdf","C:\Users\hodor\Documents\lab-Shishkin\projects\BCI_classifier\data\pr_Agency_EBCI\features\csp\test\05_19 Darisy\MATRIX_[8, 15]_robust_concat_01_calib.hdf","[8, 15]",0,1,0,first5,0.1727145436975498,0.327,1.567,0.13831217422113506,1.8349123238812446,0.4461383787287374,0.48153163364660634,0.4285714285714286,0.4285714285714286,0.6373405410410534,0.6879023337808662,1.3252428748219196,0.24426820338525093,0.24807371847024567,81.49058737823609,1.0,0.4333544200667677,2.076655584845948,2.4317044831465497,0.4333544200667677,2.4317044831465497,18.509412621763914,-46.57508315658921,4.691527132953331,44.5424463162282,0.9530136305208203,0.03751203673213805,-0.3005958535005633,0.0005274818061541491,,32.65442771518568,True,35.77776610763285,False,49.64527041551368,False,25.24646731044182,True,88.16531984831187,False,95.4183552465639,False,76.51008708134633,False,left_M1;left_PMd,2,1;0.6,left_M1,1.0,left_PMd,25.24646731044182
pr_Agency_EBCI,test,05_19 Darisy,01_calib,test/05_19 Darisy/01_calib,C:\Users\hodor\Documents\lab-Shishkin\projects\BCI_classifier\data\pr_Agency_EBCI\trans\test\05_19 Darisy\EPOCHS_01_calib.hdf,"MATRIX_[8, 15]_robust_concat_01_calib.hdf","C:\Users\hodor\Documents\lab-Shishkin\projects\BCI_classifier\data\pr_Agency_EBCI\features\csp\test\05_19 Darisy\MATRIX_[8, 15]_robust_concat_01_calib.hdf","[8, 15]",1,2,1,first5,0.31102671791868486,0.189,0.795,0.010420908771380244,1.3858782070311635,0.23087271999665268,0.5990060850569543,0.4285714285714286,0.4285714285714286,0.32981817142378955,0.8557229786527919,1.1855411500765816,0.12851494609903494,0.37501599729954144,42.2028190353792,0.34405638070758404,0.2240672773644739,0.9425052143108824,1.6430156434297964,0.07709177648502326,0.5652900157243982,57.7971809646208,47.94540735403364,14.402267013010771,46.02246539137918,0.7384659665935595,-0.4917672790231736,0.46133822675471425,0.0004688064579305274,,92.84996889843016,False,100.48616093758889,False,53.46471659809972,False,79.80675198476983,False,41.43643403405513,False,45.19557616069698,False,31.610631735332277,True,right_PMd,1,0.6,right_PMd,0.6,right_PMd,31.610631735332277
pr_Agency_EBCI,test,05_19 Darisy,01_calib,test/05_19 Darisy/01_calib,C:\Users\hodor\Documents\lab-Shishkin\projects\BCI_classifier\data\pr_Agency_EBCI\trans\test\05_19 Darisy\EPOCHS_01_calib.hdf,"MATRIX_[8, 15]_robust_concat_01_calib.hdf","C:\Users\hodor\Documents\lab-Shishkin\projects\BCI_classifier\data\pr_Agency_EBCI\features\csp\test\05_19 Darisy\MATRIX_[8, 15]_robust_concat_01_calib.hdf","[8, 15]",2,3,2,first5,0.3214476266900651,0.179,0.747,0.007069530776028898,1.3630617840356367,0.23227240504761193,0.762846526265305,0.4642857142857143,0.4642857142857143,0.3401131645340032,1.1170252706027681,1.4571384351367713,0.08697989493697822,0.31281323494405416,35.37806952583793,0.2075613905167586,0.2608277798894821,1.0884824110471683,1.9861697149844235,0.054137776679259945,0.41225214784444103,64.62193047416207,27.873649022060032,21.179538494794297,47.86863335172196,-0.8577941731341876,0.5002351384587077,-0.11812689273926154,0.0004617476236560088,,78.65845702506908,False,86.71066934686104,False,40.228251425544634,False,63.55650435146871,False,46.619174192471434,False,53.25379932807218,False,30.291592148771862,True,right_PMd,1,0.6,right_PMd,0.6,right_PMd,30.291592148771862
pr_Agency_EBCI,test,05_19 Darisy,01_calib,test/05_19 Darisy/01_calib,C:\Users\hodor\Documents\lab-Shishkin\projects\BCI_classifier\data\pr_Agency_EBCI\trans\test\05_19 Darisy\EPOCHS_01_calib.hdf,"MATRIX_[8, 15]_robust_concat_01_calib.hdf","C:\Users\hodor\Documents\lab-Shishkin\projects\BCI_classifier\data\pr_Agency_EBCI\features\csp\test\05_19 Darisy\MATRIX_[8, 15]_robust_concat_01_calib.hdf","[8, 15]",3,4,3,first5,0.328517157466094,0.171,0.715,0.008026859007187637,1.3474903715609163,0.11333326443522039,0.4819759731001045,0.5,0.5,0.16999989665283058,0.7229639596501567,0.8929638563029872,0.06047080722894451,0.3452157762401222,24.756497821223473,0.0,0.15269681942781083,0.6384691572566359,1.203260198520181,0.0,0.0,75.24350217877652,0.8142540254176436,-15.799474010143102,-44.14475384720544,-0.9256083727581625,-0.09229075986203325,-0.36705797351927255,0.0005995889135041338,,107.01172668953467,False,106.20041891857733,False,102.61697441943788,False,104.49911364692795,False,106.46246789087469,False,105.55441393997293,False,104.06184844671358,False,,0,,,0.0,SMA,102.61697441943788
pr_Agency_EBCI,test,05_19 Darisy,01_calib,test/05_19 Darisy/01_calib,C:\Users\hodor\Documents\lab-Shishkin\projects\BCI_classifier\data\pr_Agency_EBCI\trans\test\05_19 Darisy\EPOCHS_01_calib.hdf,"MATRIX_[8, 15]_robust_concat_01_calib.hdf","C:\Users\hodor\Documents\lab-Shishkin\projects\BCI_classifier\data\pr_Agency_EBCI\features\csp\test\05_19 Darisy\MATRIX_[8, 15]_robust_concat_01_calib.hdf","[8, 15]",4,5,4,first5,0.33654401647328164,0.163,0.679,0.009330612412298489,1.3320835592928186,0.15597711902722064,0.39463996529449374,0.4821428571428571,0.4821428571428571,0.23118037284391632,0.584912805704339,0.8160931785482554,0.119165865747264,0.3050608842629658,21.933725391661625,0.0,0.13302318810336564,0.5541272682342654,1.0871043059951497,0.0,0.0,78.06627460833838,24.14641406547811,-27.147111958611987,76.7949014687033,-0.9350357739279004,0.20983711965109028,0.28579098077368753,6.404028247665898e-05,,63.71752793155947,False,70.69847383601063,False,37.19540264105034,False,59.31516099056795,False,24.142074067490814,True,30.686750231015957,True,28.528756509940035,True,right_M1;right_S1;right_PMd,3,1;0.8;0.6,right_M1,1.0,right_M1,24.142074067490814
pr_Agency_EBCI,test,05_19 Darisy,01_calib,test/05_19 Darisy/01_calib,C:\Users\hodor\Documents\lab-Shishkin\projects\BCI_classifier\data\pr_Agency_EBCI\trans\test\05_19 Darisy\EPOCHS_01_calib.hdf,"MATRIX_[8, 15]_robust_concat_01_calib.hdf","C:\Users\hodor\Documents\lab-Shishkin\projects\BCI_classifier\data\pr_Agency_EBCI\features\csp\test\05_19 Darisy\MATRIX_[8, 15]_robust_concat_01_calib.hdf","[8, 15]",51,52,-5,last5,0.640211284468062,0.14,0.576,0.003764277293907714,1.2821079952845884,0.3168742287368921,0.11441341830011686,0.5178571428571428,0.5178571428571428,0.4809698114756398,0.1736632242055345,0.6546330356811743,0.30028189957343554,0.12374357407311333,36.56245666126412,0.23124913322528245,0.0916486249953644,0.37706862855235634,0.8393102490242548,0.021193665091466973,0.19408976759395488,63.43754333873588,-15.874359746629672,-69.06347076546487,45.60867749956347,0.0824327585052708,0.9462612713697042,0.31272103643823335,0.0001339294430090492,,50.435477358165905,False,47.42734264322048,False,66.20076673016622,False,63.1170198661741,False,69.49564863975829,False,70.11594160839049,False,75.9057737488364,False,,0,,,0.0,left_S1,47.42734264322048
pr_Agency_EBCI,test,05_19 Darisy,01_calib,test/05_19 Darisy/01_calib,C:\Users\hodor\Documents\lab-Shishkin\projects\BCI_classifier\data\pr_Agency_EBCI\trans\test\05_19 Darisy\EPOCHS_01_calib.hdf,"MATRIX_[8, 15]_robust_concat_01_calib.hdf","C:\Users\hodor\Documents\lab-Shishkin\projects\BCI_classifier\data\pr_Agency_EBCI\features\csp\test\05_19 Darisy\MATRIX_[8, 15]_robust_concat_01_calib.hdf","[8, 15]",52,53,-4,last5,0.6486169874964136,0.149,0.613,0.008405703028351641,1.3030097990048977,0.5341076282762361,0.23523200146702972,0.5714285714285714,0.5714285714285714,0.8393119872912282,0.36965028801961813,1.2089622753108464,0.22184718227981384,0.1077024267224645,45.65041813643303,0.4130083627286607,0.1801353790213161,0.7410938747655489,1.5752896913572898,0.0743974179591005,0.6506078162508115,54.34958186356697,19.044761724884637,-82.94289558240558,-0.9896659470283442,-0.7830276949878565,-0.3738446843346971,-0.4970993672060899,0.00011261989680788906,,98.75227975971782,False,96.62979780520652,False,98.80633997018913,False,105.24955690538748,False,83.72315730643575,False,78.34409903811823,False,94.57513370645223,False,,0,,,0.0,right_S1,78.34409903811823
pr_Agency_EBCI,test,05_19 Darisy,01_calib,test/05_19 Darisy/01_calib,C:\Users\hodor\Documents\lab-Shishkin\projects\BCI_classifier\data\pr_Agency_EBCI\trans\test\05_19 Darisy\EPOCHS_01_calib.hdf,"MATRIX_[8, 15]_robust_concat_01_calib.hdf","C:\Users\hodor\Documents\lab-Shishkin\projects\BCI_classifier\data\pr_Agency_EBCI\features\csp\test\05_19 Darisy\MATRIX_[8, 15]_robust_concat_01_calib.hdf","[8, 15]",53,54,-3,last5,0.656441334251305,0.156,0.647,0.00782434675489141,1.3168823923750521,0.07997896375635197,0.18638594865307762,0.5892857142857143,0.5892857142857143,0.1271094245413451,0.29622052553792694,0.42332995007927204,0.07919970221602926,0.15890413465307368,30.716917862412053,0.0,0.06603947221236643,0.273894477701289,0.5574757574244031,0.0,0.0,69.28308213758794,63.80374887447843,16.889080857832937,-53.79003049585792,-0.21896075226875228,0.7462704369505093,0.6285989372402707,0.0004159320102092902,,153.9043729693207,False,156.7946100218392,False,130.7357614091063,False,145.2626774145288,False,120.41103014738671,False,117.7519423236333,False,118.13223766481305,False,,0,,,0.0,right_S1,117.7519423236333
pr_Agency_EBCI,test,05_19 Darisy,01_calib,test/05_19 Darisy/01_calib,C:\Users\hodor\Documents\lab-Shishkin\projects\BCI_classifier\data\pr_Agency_EBCI\trans\test\05_19 Darisy\EPOCHS_01_calib.hdf,"MATRIX_[8, 15]_robust_concat_01_calib.hdf","C:\Users\hodor\Documents\lab-Shishkin\projects\BCI_classifier\data\pr_Agency_EBCI\features\csp\test\05_19 Darisy\MATRIX_[8, 15]_robust_concat_01_calib.hdf","[8, 15]",54,55,-2,last5,0.6688005451334682,0.169,0.703,0.012359210882163185,1.3463548265563423,0.13443032934515453,0.1062062904638455,0.5178571428571428,0.5178571428571428,0.20404603561318096,0.16120597659690833,0.3652520122100893,0.13609923812755712,0.1420525556456827,31.849899388364477,0.0,0.061727590063505096,0.2567721645836928,0.4917588095484698,0.0,0.0,68.15010061163552,-84.0401294181245,-6.861515187290019,-11.146156218573756,-0.9803575798131989,-0.033362249316720674,-0.19438615183015562,0.00022916540890875964,,84.32193066524718,False,79.31077484239572,False,108.83325080524081,False,87.46655673912186,False,138.60723872628256,False,142.8598640218662,False,130.625009254078,False,,0,,,0.0,left_S1,79.31077484239572
pr_Agency_EBCI,test,05_19 Darisy,01_calib,test/05_19 Darisy/01_calib,C:\Users\hodor\Documents\lab-Shishkin\projects\BCI_classifier\data\pr_Agency_EBCI\trans\test\05_19 Darisy\EPOCHS_01_calib.hdf,"MATRIX_[8, 15]_robust_concat_01_calib.hdf","C:\Users\hodor\Documents\lab-Shishkin\projects\BCI_classifier\data\pr_Agency_EBCI\features\csp\test\05_19 Darisy\MATRIX_[8, 15]_robust_concat_01_calib.hdf","[8, 15]",55,56,-1,last5,0.68766601265919,0.188,0.789,0.018865467525721824,1.3901868315793429,0.6292432376646487,0.787615931801527,0.5,0.5,0.9438648564969732,1.1814238977022904,2.1252887541992633,0.16499560859174178,0.2069817512798296,44.519302269976166,0.3903860453995233,0.3995542857894615,1.6768528270632188,2.9545484393914827,0.15598041755177883,1.1534144811953742,55.480697730023834,43.58381967787915,3.0240803766783655,56.55339824479419,0.3081492689242311,0.9235479733195366,0.22826118601032128,0.00026338752210627875,,84.04874493021117,False,91.84722919585948,False,44.531741724266766,False,72.42982698753273,False,28.073501575847306,True,33.37411879095904,True,19.096911622601695,True,right_M1;right_S1;right_PMd,3,1;0.8;0.6,right_M1,1.0,right_PMd,19.096911622601695
