project,stage,subject,record,file,matrix,matrix_path,band,components,absolute_components,n_components,classifier,cv_method,cv_splits,cv_test_size,cv_tested_epochs,accuracy,balanced_accuracy,brier_score,component_score_values,mean_score,comp_set_score,final_score_method,rank_within_file,rank_global,probability_plot
pr_Agency_EBCI,test,05_19 Darisy,01_calib,test/05_19 Darisy/01_calib,"MATRIX_[9, 13]_robust_concat_01_calib.hdf","C:\Users\hodor\Documents\lab-Shishkin\projects\BCI_classifier\data\pr_Agency_EBCI\features\csp\test\05_19 Darisy\MATRIX_[9, 13]_robust_concat_01_calib.hdf","[9, 13]","[0, -1]","[0, 55]",2,lda,time_series_by_class,3,5,30,0.8,0.8,0.16887494099494432,"[2.638040504061817, 1.4477713240343495]",2.042905914048083,3.1505473865416467,final_score_5,1,1,"results\algorithm\_cv_smoke_05_19_Darisy\probability_plots\final_score_5\test_05_19_Darisy_01_calib\top_01_[9,_13]_[0,_-1].png"
pr_Agency_EBCI,test,05_19 Darisy,01_calib,test/05_19 Darisy/01_calib,"MATRIX_[10, 14]_robust_concat_01_calib.hdf","C:\Users\hodor\Documents\lab-Shishkin\projects\BCI_classifier\data\pr_Agency_EBCI\features\csp\test\05_19 Darisy\MATRIX_[10, 14]_robust_concat_01_calib.hdf","[10, 14]","[0, -1]","[0, 55]",2,lda,time_series_by_class,3,5,30,0.7333333333333333,0.7333333333333334,0.18499754162247348,"[3.221158118304888, 0.6764790437405594]",1.9488185810227239,2.9611983343114994,final_score_5,2,2,
pr_Agency_EBCI,test,05_19 Darisy,01_calib,test/05_19 Darisy/01_calib,"MATRIX_[10, 14]_robust_concat_01_calib.hdf","C:\Users\hodor\Documents\lab-Shishkin\projects\BCI_classifier\data\pr_Agency_EBCI\features\csp\test\05_19 Darisy\MATRIX_[10, 14]_robust_concat_01_calib.hdf","[10, 14]","[0, 1]","[0, 1]",2,lda,time_series_by_class,3,5,30,0.9,0.9,0.05255202167572278,"[3.221158118304888, 0.0]",1.610579059152444,2.8860224695563645,final_score_5,3,3,
pr_Agency_EBCI,test,05_19 Darisy,01_calib,test/05_19 Darisy/01_calib,"MATRIX_[8, 15]_robust_concat_01_calib.hdf","C:\Users\hodor\Documents\lab-Shishkin\projects\BCI_classifier\data\pr_Agency_EBCI\features\csp\test\05_19 Darisy\MATRIX_[8, 15]_robust_concat_01_calib.hdf","[8, 15]","[0, -1]","[0, 55]",2,lda,time_series_by_class,3,5,30,0.7333333333333333,0.7333333333333334,0.17414250031890566,"[2.4317044831465497, 1.1534144811953742]",1.792559482170962,2.7507823414521444,final_score_5,4,4,
pr_Agency_EBCI,test,05_19 Darisy,01_calib,test/05_19 Darisy/01_calib,"MATRIX_[8, 12]_robust_concat_01_calib.hdf","C:\Users\hodor\Documents\lab-Shishkin\projects\BCI_classifier\data\pr_Agency_EBCI\features\csp\test\05_19 Darisy\MATRIX_[8, 12]_robust_concat_01_calib.hdf","[8, 12]","[0, -1]","[0, 55]",2,lda,time_series_by_class,3,5,30,0.7666666666666667,0.7666666666666666,0.19938847596505266,"[2.3897593468205143, 1.1301804154650092]",1.7599698811427618,2.6413022114710722,final_score_5,5,5,
pr_Agency_EBCI,test,05_19 Darisy,01_calib,test/05_19 Darisy/01_calib,"MATRIX_[8, 12]_robust_concat_01_calib.hdf","C:\Users\hodor\Documents\lab-Shishkin\projects\BCI_classifier\data\pr_Agency_EBCI\features\csp\test\05_19 Darisy\MATRIX_[8, 12]_robust_concat_01_calib.hdf","[8, 12]","[0, 1]","[0, 1]",2,lda,time_series_by_class,3,5,30,0.8333333333333334,0.8333333333333333,0.16595926687677762,"[2.3897593468205143, 0.9420905312608264]",1.6659249390406703,2.5763677614117215,final_score_5,6,6,
pr_Agency_EBCI,test,05_19 Darisy,01_calib,test/05_19 Darisy/01_calib,"MATRIX_[10, 14]_robust_concat_01_calib.hdf","C:\Users\hodor\Documents\lab-Shishkin\projects\BCI_classifier\data\pr_Agency_EBCI\features\csp\test\05_19 Darisy\MATRIX_[10, 14]_robust_concat_01_calib.hdf","[10, 14]","[0, -2]","[0, 54]",2,lda,time_series_by_class,3,5,30,0.7666666666666667,0.7666666666666666,0.16176972218561775,"[3.221158118304888, 0.0]",1.610579059152444,2.5009681439117726,final_score_5,7,7,
pr_Agency_EBCI,test,05_19 Darisy,01_calib,test/05_19 Darisy/01_calib,"MATRIX_[10, 14]_robust_concat_01_calib.hdf","C:\Users\hodor\Documents\lab-Shishkin\projects\BCI_classifier\data\pr_Agency_EBCI\features\csp\test\05_19 Darisy\MATRIX_[10, 14]_robust_concat_01_calib.hdf","[10, 14]","[0, 2]","[0, 2]",2,lda,time_series_by_class,3,5,30,0.7666666666666667,0.7666666666666666,0.16238986906617212,"[3.221158118304888, 0.0]",1.610579059152444,2.4994444478580835,final_score_5,8,8,
pr_Agency_EBCI,test,05_19 Darisy,01_calib,test/05_19 Darisy/01_calib,"MATRIX_[10, 14]_robust_concat_01_calib.hdf","C:\Users\hodor\Documents\lab-Shishkin\projects\BCI_classifier\data\pr_Agency_EBCI\features\csp\test\05_19 Darisy\MATRIX_[10, 14]_robust_concat_01_calib.hdf","[10, 14]","[0, -3]","[0, 53]",2,lda,time_series_by_class,3,5,30,0.8333333333333334,0.8333333333333333,0.16515315546240922,"[3.221158118304888, 0.0]",1.610579059152444,2.4927179836335416,final_score_5,9,9,
pr_Agency_EBCI,test,05_19 Darisy,01_calib,test/05_19 Darisy/01_calib,"MATRIX_[9, 13]_robust_concat_01_calib.hdf","C:\Users\hodor\Documents\lab-Shishkin\projects\BCI_classifier\data\pr_Agency_EBCI\features\csp\test\05_19 Darisy\MATRIX_[9, 13]_robust_concat_01_calib.hdf","[9, 13]","[0, 1]","[0, 1]",2,lda,time_series_by_class,3,5,30,0.8333333333333334,0.8333333333333333,0.15889280251263307,"[2.638040504061817, 0.5354747097163108]",1.5867576068890639,2.4710091693500913,final_score_5,10,10,
pr_Agency_EBCI,test,05_19 Darisy,01_calib,test/05_19 Darisy/01_calib,"MATRIX_[9, 13]_robust_concat_01_calib.hdf","C:\Users\hodor\Documents\lab-Shishkin\projects\BCI_classifier\data\pr_Agency_EBCI\features\csp\test\05_19 Darisy\MATRIX_[9, 13]_robust_concat_01_calib.hdf","[9, 13]","[0, 1, -1]","[0, 1, 55]",3,lda,time_series_by_class,3,5,30,0.8666666666666667,0.8666666666666667,0.14040229809816,"[2.638040504061817, 0.5354747097163108, 1.4477713240343495]",1.5404288459374922,2.4454925629240836,final_score_5,11,11,
pr_Agency_EBCI,test,05_19 Darisy,01_calib,test/05_19 Darisy/01_calib,"MATRIX_[8, 15]_robust_concat_01_calib.hdf","C:\Users\hodor\Documents\lab-Shishkin\projects\BCI_classifier\data\pr_Agency_EBCI\features\csp\test\05_19 Darisy\MATRIX_[8, 15]_robust_concat_01_calib.hdf","[8, 15]","[0, 1]","[0, 1]",2,lda,time_series_by_class,3,5,30,0.8333333333333334,0.8333333333333333,0.14406951078648406,"[2.4317044831465497, 0.5652900157243982]",1.498497249435474,2.3695405720537237,final_score_5,12,12,
pr_Agency_EBCI,test,05_19 Darisy,01_calib,test/05_19 Darisy/01_calib,"MATRIX_[9, 13]_robust_concat_01_calib.hdf","C:\Users\hodor\Documents\lab-Shishkin\projects\BCI_classifier\data\pr_Agency_EBCI\features\csp\test\05_19 Darisy\MATRIX_[9, 13]_robust_concat_01_calib.hdf","[9, 13]","[0, 2, -1]","[0, 2, 55]",3,lda,time_series_by_class,3,5,30,0.9,0.9,0.08897652687761849,"[2.638040504061817, 0.0, 1.4477713240343495]",1.3619372760320554,2.3045309813047576,final_score_5,13,13,
pr_Agency_EBCI,test,05_19 Darisy,01_calib,test/05_19 Darisy/01_calib,"MATRIX_[8, 12]_robust_concat_01_calib.hdf","C:\Users\hodor\Documents\lab-Shishkin\projects\BCI_classifier\data\pr_Agency_EBCI\features\csp\test\05_19 Darisy\MATRIX_[8, 12]_robust_concat_01_calib.hdf","[8, 12]","[0, 1, -1]","[0, 1, 55]",3,lda,time_series_by_class,3,5,30,0.8333333333333334,0.8333333333333333,0.17405664566008244,"[2.3897593468205143, 0.9420905312608264, 1.1301804154650092]",1.4873434311821168,2.2825938021827246,final_score_5,14,14,
pr_Agency_EBCI,test,05_19 Darisy,01_calib,test/05_19 Darisy/01_calib,"MATRIX_[10, 14]_robust_concat_01_calib.hdf","C:\Users\hodor\Documents\lab-Shishkin\projects\BCI_classifier\data\pr_Agency_EBCI\features\csp\test\05_19 Darisy\MATRIX_[10, 14]_robust_concat_01_calib.hdf","[10, 14]","[0, 1, -1]","[0, 1, 55]",3,lda,time_series_by_class,3,5,30,0.9,0.9,0.06427985768336437,"[3.221158118304888, 0.0, 0.6764790437405594]",1.2992123873484827,2.282421927974979,final_score_5,15,15,
pr_Agency_EBCI,test,05_19 Darisy,01_calib,test/05_19 Darisy/01_calib,"MATRIX_[8, 15]_robust_concat_01_calib.hdf","C:\Users\hodor\Documents\lab-Shishkin\projects\BCI_classifier\data\pr_Agency_EBCI\features\csp\test\05_19 Darisy\MATRIX_[8, 15]_robust_concat_01_calib.hdf","[8, 15]","[0, 2]","[0, 2]",2,lda,time_series_by_class,3,5,30,0.8333333333333334,0.8333333333333333,0.13091822336355666,"[2.4317044831465497, 0.412252147844441]",1.4219783154954952,2.281392040760947,final_score_5,16,16,
pr_Agency_EBCI,test,05_19 Darisy,01_calib,test/05_19 Darisy/01_calib,"MATRIX_[8, 15]_robust_concat_01_calib.hdf","C:\Users\hodor\Documents\lab-Shishkin\projects\BCI_classifier\data\pr_Agency_EBCI\features\csp\test\05_19 Darisy\MATRIX_[8, 15]_robust_concat_01_calib.hdf","[8, 15]","[0, 1, -1]","[0, 1, 55]",3,lda,time_series_by_class,3,5,30,0.8666666666666667,0.8666666666666667,0.12437932965850679,"[2.4317044831465497, 0.5652900157243982, 1.1534144811953742]",1.3834696600221073,2.2364646159452035,final_score_5,17,17,
pr_Agency_EBCI,test,05_19 Darisy,01_calib,test/05_19 Darisy/01_calib,"MATRIX_[9, 13]_robust_concat_01_calib.hdf","C:\Users\hodor\Documents\lab-Shishkin\projects\BCI_classifier\data\pr_Agency_EBCI\features\csp\test\05_19 Darisy\MATRIX_[9, 13]_robust_concat_01_calib.hdf","[9, 13]","[0, 2]","[0, 2]",2,lda,time_series_by_class,3,5,30,0.8333333333333334,0.8333333333333333,0.1141262197674877,"[2.638040504061817, 0.0]",1.3190202520309084,2.158822961277676,final_score_5,18,18,
pr_Agency_EBCI,test,05_19 Darisy,01_calib,test/05_19 Darisy/01_calib,"MATRIX_[9, 13]_robust_concat_01_calib.hdf","C:\Users\hodor\Documents\lab-Shishkin\projects\BCI_classifier\data\pr_Agency_EBCI\features\csp\test\05_19 Darisy\MATRIX_[9, 13]_robust_concat_01_calib.hdf","[9, 13]","[0, -3, -1]","[0, 53, 55]",3,lda,time_series_by_class,3,5,30,0.8,0.8,0.14873887693614313,"[2.638040504061817, 0.0, 1.4477713240343495]",1.3619372760320554,2.1430014854470767,final_score_5,19,19,
pr_Agency_EBCI,test,05_19 Darisy,01_calib,test/05_19 Darisy/01_calib,"MATRIX_[8, 15]_robust_concat_01_calib.hdf","C:\Users\hodor\Documents\lab-Shishkin\projects\BCI_classifier\data\pr_Agency_EBCI\features\csp\test\05_19 Darisy\MATRIX_[8, 15]_robust_concat_01_calib.hdf","[8, 15]","[0, 2, -1]","[0, 2, 55]",3,lda,time_series_by_class,3,5,30,0.8666666666666667,0.8666666666666667,0.1301825268772082,"[2.4317044831465497, 0.412252147844441, 1.1534144811953742]",1.3324570373954547,2.1395603387103566,final_score_5,20,20,
pr_Agency_EBCI,test,05_19 Darisy,01_calib,test/05_19 Darisy/01_calib,"MATRIX_[9, 13]_robust_concat_01_calib.hdf","C:\Users\hodor\Documents\lab-Shishkin\projects\BCI_classifier\data\pr_Agency_EBCI\features\csp\test\05_19 Darisy\MATRIX_[9, 13]_robust_concat_01_calib.hdf","[9, 13]","[0, -2, -1]","[0, 54, 55]",3,lda,time_series_by_class,3,5,30,0.8,0.8,0.16087968481828246,"[2.638040504061817, 0.0, 1.4477713240343495]",1.3619372760320554,2.116724720893545,final_score_5,21,21,
pr_Agency_EBCI,test,05_19 Darisy,01_calib,test/05_19 Darisy/01_calib,"MATRIX_[8, 12]_robust_concat_01_calib.hdf","C:\Users\hodor\Documents\lab-Shishkin\projects\BCI_classifier\data\pr_Agency_EBCI\features\csp\test\05_19 Darisy\MATRIX_[8, 12]_robust_concat_01_calib.hdf","[8, 12]","[0, 2]","[0, 2]",2,lda,time_series_by_class,3,5,30,0.9333333333333333,0.9333333333333333,0.07640362496193062,"[2.3897593468205143, 0.0]",1.1948796734102571,2.0594701241142443,final_score_5,22,22,
pr_Agency_EBCI,test,05_19 Darisy,01_calib,test/05_19 Darisy/01_calib,"MATRIX_[10, 14]_robust_concat_01_calib.hdf","C:\Users\hodor\Documents\lab-Shishkin\projects\BCI_classifier\data\pr_Agency_EBCI\features\csp\test\05_19 Darisy\MATRIX_[10, 14]_robust_concat_01_calib.hdf","[10, 14]","[0, -3, -1]","[0, 53, 55]",3,lda,time_series_by_class,3,5,30,0.8,0.8,0.15962554913671945,"[3.221158118304888, 0.0, 0.6764790437405594]",1.2992123873484827,2.0217485867187666,final_score_5,23,23,
pr_Agency_EBCI,test,05_19 Darisy,01_calib,test/05_19 Darisy/01_calib,"MATRIX_[8, 12]_robust_concat_01_calib.hdf","C:\Users\hodor\Documents\lab-Shishkin\projects\BCI_classifier\data\pr_Agency_EBCI\features\csp\test\05_19 Darisy\MATRIX_[8, 12]_robust_concat_01_calib.hdf","[8, 12]","[0, 2, -1]","[0, 2, 55]",3,lda,time_series_by_class,3,5,30,0.9,0.9,0.07813467748135798,"[2.3897593468205143, 0.0, 1.1301804154650092]",1.1733132540951745,2.0170147764800026,final_score_5,24,24,
pr_Agency_EBCI,test,05_19 Darisy,01_calib,test/05_19 Darisy/01_calib,"MATRIX_[10, 14]_robust_concat_01_calib.hdf","C:\Users\hodor\Documents\lab-Shishkin\projects\BCI_classifier\data\pr_Agency_EBCI\features\csp\test\05_19 Darisy\MATRIX_[10, 14]_robust_concat_01_calib.hdf","[10, 14]","[0, -2, -1]","[0, 54, 55]",3,lda,time_series_by_class,3,5,30,0.8,0.8,0.16868844899205945,"[3.221158118304888, 0.0, 0.6764790437405594]",1.2992123873484827,2.0039875930270656,final_score_5,25,25,
pr_Agency_EBCI,test,05_19 Darisy,01_calib,test/05_19 Darisy/01_calib,"MATRIX_[10, 14]_robust_concat_01_calib.hdf","C:\Users\hodor\Documents\lab-Shishkin\projects\BCI_classifier\data\pr_Agency_EBCI\features\csp\test\05_19 Darisy\MATRIX_[10, 14]_robust_concat_01_calib.hdf","[10, 14]","[0, 2, -1]","[0, 2, 55]",3,lda,time_series_by_class,3,5,30,0.7666666666666667,0.7666666666666666,0.17513899533448324,"[3.221158118304888, 0.0, 0.6764790437405594]",1.2992123873484827,1.991868924528827,final_score_5,26,26,
pr_Agency_EBCI,test,05_19 Darisy,01_calib,test/05_19 Darisy/01_calib,"MATRIX_[9, 13]_robust_concat_01_calib.hdf","C:\Users\hodor\Documents\lab-Shishkin\projects\BCI_classifier\data\pr_Agency_EBCI\features\csp\test\05_19 Darisy\MATRIX_[9, 13]_robust_concat_01_calib.hdf","[9, 13]","[0, -3]","[0, 53]",2,lda,time_series_by_class,3,5,30,0.7666666666666667,0.7666666666666666,0.1941086523305553,"[2.638040504061817, 0.0]",1.3190202520309084,1.9883890893963927,final_score_5,27,27,
pr_Agency_EBCI,test,05_19 Darisy,01_calib,test/05_19 Darisy/01_calib,"MATRIX_[9, 13]_robust_concat_01_calib.hdf","C:\Users\hodor\Documents\lab-Shishkin\projects\BCI_classifier\data\pr_Agency_EBCI\features\csp\test\05_19 Darisy\MATRIX_[9, 13]_robust_concat_01_calib.hdf","[9, 13]","[0, -2]","[0, 54]",2,lda,time_series_by_class,3,5,30,0.7666666666666667,0.7666666666666666,0.20126680752957685,"[2.638040504061817, 0.0]",1.3190202520309084,1.9764482910713344,final_score_5,28,28,
pr_Agency_EBCI,test,05_19 Darisy,01_calib,test/05_19 Darisy/01_calib,"MATRIX_[9, 13]_robust_concat_01_calib.hdf","C:\Users\hodor\Documents\lab-Shishkin\projects\BCI_classifier\data\pr_Agency_EBCI\features\csp\test\05_19 Darisy\MATRIX_[9, 13]_robust_concat_01_calib.hdf","[9, 13]","[0, 1, 2, -1]","[0, 1, 2, 55]",4,lda,time_series_by_class,3,5,30,0.9,0.9,0.09596817343192801,"[2.638040504061817, 0.5354747097163108, 0.0, 1.4477713240343495]",1.1553216344531192,1.936028303725341,final_score_5,29,29,
pr_Agency_EBCI,test,05_19 Darisy,01_calib,test/05_19 Darisy/01_calib,"MATRIX_[8, 12]_robust_concat_01_calib.hdf","C:\Users\hodor\Documents\lab-Shishkin\projects\BCI_classifier\data\pr_Agency_EBCI\features\csp\test\05_19 Darisy\MATRIX_[8, 12]_robust_concat_01_calib.hdf","[8, 12]","[0, 1, 2]","[0, 1, 2]",3,lda,time_series_by_class,3,5,30,0.9,0.9,0.07956324256490427,"[2.3897593468205143, 0.9420905312608264, 0.0]",1.1106166260271135,1.9051535729000697,final_score_5,30,30,
pr_Agency_EBCI,test,05_19 Darisy,01_calib,test/05_19 Darisy/01_calib,"MATRIX_[8, 12]_robust_concat_01_calib.hdf","C:\Users\hodor\Documents\lab-Shishkin\projects\BCI_classifier\data\pr_Agency_EBCI\features\csp\test\05_19 Darisy\MATRIX_[8, 12]_robust_concat_01_calib.hdf","[8, 12]","[0, 1, 2, -1]","[0, 1, 2, 55]",4,lda,time_series_by_class,3,5,30,0.8666666666666667,0.8666666666666667,0.08491853463136485,"[2.3897593468205143, 0.9420905312608264, 0.0, 1.1301804154650092]",1.1155075733865876,1.8985437313044013,final_score_5,31,31,
pr_Agency_EBCI,test,05_19 Darisy,01_calib,test/05_19 Darisy/01_calib,"MATRIX_[10, 14]_robust_concat_01_calib.hdf","C:\Users\hodor\Documents\lab-Shishkin\projects\BCI_classifier\data\pr_Agency_EBCI\features\csp\test\05_19 Darisy\MATRIX_[10, 14]_robust_concat_01_calib.hdf","[10, 14]","[0, 1, -2]","[0, 1, 54]",3,lda,time_series_by_class,3,5,30,0.9333333333333333,0.9333333333333333,0.06717583980479432,"[3.221158118304888, 0.0, 0.0]",1.073719372768296,1.8774742134401052,final_score_5,32,32,
pr_Agency_EBCI,test,05_19 Darisy,01_calib,test/05_19 Darisy/01_calib,"MATRIX_[8, 15]_robust_concat_01_calib.hdf","C:\Users\hodor\Documents\lab-Shishkin\projects\BCI_classifier\data\pr_Agency_EBCI\features\csp\test\05_19 Darisy\MATRIX_[8, 15]_robust_concat_01_calib.hdf","[8, 15]","[0, -2]","[0, 54]",2,lda,time_series_by_class,3,5,30,0.8,0.8,0.17141313337024558,"[2.4317044831465497, 0.0]",1.2158522415732749,1.8705691227672658,final_score_5,33,33,
pr_Agency_EBCI,test,05_19 Darisy,01_calib,test/05_19 Darisy/01_calib,"MATRIX_[8, 15]_robust_concat_01_calib.hdf","C:\Users\hodor\Documents\lab-Shishkin\projects\BCI_classifier\data\pr_Agency_EBCI\features\csp\test\05_19 Darisy\MATRIX_[8, 15]_robust_concat_01_calib.hdf","[8, 15]","[0, -2, -1]","[0, 54, 55]",3,lda,time_series_by_class,3,5,30,0.7666666666666667,0.7666666666666666,0.15716515478543577,"[2.4317044831465497, 0.0, 1.1534144811953742]",1.1950396547806414,1.8642200822490222,final_score_5,34,34,
pr_Agency_EBCI,test,05_19 Darisy,01_calib,test/05_19 Darisy/01_calib,"MATRIX_[10, 14]_robust_concat_01_calib.hdf","C:\Users\hodor\Documents\lab-Shishkin\projects\BCI_classifier\data\pr_Agency_EBCI\features\csp\test\05_19 Darisy\MATRIX_[10, 14]_robust_concat_01_calib.hdf","[10, 14]","[0, 1, -3]","[0, 1, 53]",3,lda,time_series_by_class,3,5,30,0.9333333333333333,0.9333333333333333,0.07170187584815338,"[3.221158118304888, 0.0, 0.0]",1.073719372768296,1.8640851878121112,final_score_5,35,35,
pr_Agency_EBCI,test,05_19 Darisy,01_calib,test/05_19 Darisy/01_calib,"MATRIX_[10, 14]_robust_concat_01_calib.hdf","C:\Users\hodor\Documents\lab-Shishkin\projects\BCI_classifier\data\pr_Agency_EBCI\features\csp\test\05_19 Darisy\MATRIX_[10, 14]_robust_concat_01_calib.hdf","[10, 14]","[0, 1, 2]","[0, 1, 2]",3,lda,time_series_by_class,3,5,30,0.9,0.9,0.0744732994539882,"[3.221158118304888, 0.0, 0.0]",1.073719372768296,1.8561046721065226,final_score_5,36,36,
pr_Agency_EBCI,test,05_19 Darisy,01_calib,test/05_19 Darisy/01_calib,"MATRIX_[8, 12]_robust_concat_01_calib.hdf","C:\Users\hodor\Documents\lab-Shishkin\projects\BCI_classifier\data\pr_Agency_EBCI\features\csp\test\05_19 Darisy\MATRIX_[8, 12]_robust_concat_01_calib.hdf","[8, 12]","[0, -2]","[0, 54]",2,lda,time_series_by_class,3,5,30,0.7666666666666667,0.7666666666666666,0.16723277847243967,"[2.3897593468205143, 0.0]",1.1948796734102571,1.8456275060958576,final_score_5,37,37,
pr_Agency_EBCI,test,05_19 Darisy,01_calib,test/05_19 Darisy/01_calib,"MATRIX_[9, 13]_robust_concat_01_calib.hdf","C:\Users\hodor\Documents\lab-Shishkin\projects\BCI_classifier\data\pr_Agency_EBCI\features\csp\test\05_19 Darisy\MATRIX_[9, 13]_robust_concat_01_calib.hdf","[9, 13]","[0, 1, -3, -1]","[0, 1, 53, 55]",4,lda,time_series_by_class,3,5,30,0.8666666666666667,0.8666666666666667,0.13645646451707485,"[2.638040504061817, 0.5354747097163108, 0.0, 1.4477713240343495]",1.1553216344531192,1.842080104742215,final_score_5,38,38,
pr_Agency_EBCI,test,05_19 Darisy,01_calib,test/05_19 Darisy/01_calib,"MATRIX_[8, 15]_robust_concat_01_calib.hdf","C:\Users\hodor\Documents\lab-Shishkin\projects\BCI_classifier\data\pr_Agency_EBCI\features\csp\test\05_19 Darisy\MATRIX_[8, 15]_robust_concat_01_calib.hdf","[8, 15]","[0, -3]","[0, 53]",2,lda,time_series_by_class,3,5,30,0.7666666666666667,0.7666666666666666,0.1913837219677532,"[2.4317044831465497, 0.0]",1.2158522415732749,1.8371618021550769,final_score_5,39,39,
pr_Agency_EBCI,test,05_19 Darisy,01_calib,test/05_19 Darisy/01_calib,"MATRIX_[9, 13]_robust_concat_01_calib.hdf","C:\Users\hodor\Documents\lab-Shishkin\projects\BCI_classifier\data\pr_Agency_EBCI\features\csp\test\05_19 Darisy\MATRIX_[9, 13]_robust_concat_01_calib.hdf","[9, 13]","[0, 1, -2, -1]","[0, 1, 54, 55]",4,lda,time_series_by_class,3,5,30,0.8666666666666667,0.8666666666666667,0.1389117191761896,"[2.638040504061817, 0.5354747097163108, 0.0, 1.4477713240343495]",1.1553216344531192,1.8371048653555029,final_score_5,40,40,
pr_Agency_EBCI,test,05_19 Darisy,01_calib,test/05_19 Darisy/01_calib,"MATRIX_[8, 15]_robust_concat_01_calib.hdf","C:\Users\hodor\Documents\lab-Shishkin\projects\BCI_classifier\data\pr_Agency_EBCI\features\csp\test\05_19 Darisy\MATRIX_[8, 15]_robust_concat_01_calib.hdf","[8, 15]","[0, -3, -1]","[0, 53, 55]",3,lda,time_series_by_class,3,5,30,0.7666666666666667,0.7666666666666666,0.1773916613163373,"[2.4317044831465497, 0.0, 1.1534144811953742]",1.1950396547806414,1.828355001819502,final_score_5,41,41,
pr_Agency_EBCI,test,05_19 Darisy,01_calib,test/05_19 Darisy/01_calib,"MATRIX_[8, 15]_robust_concat_01_calib.hdf","C:\Users\hodor\Documents\lab-Shishkin\projects\BCI_classifier\data\pr_Agency_EBCI\features\csp\test\05_19 Darisy\MATRIX_[8, 15]_robust_concat_01_calib.hdf","[8, 15]","[0, 1, 2]","[0, 1, 2]",3,lda,time_series_by_class,3,5,30,0.8666666666666667,0.8666666666666667,0.13232623914940814,"[2.4317044831465497, 0.5652900157243982, 0.412252147844441]",1.1364155489051297,1.8203311806131737,final_score_5,42,42,
pr_Agency_EBCI,test,05_19 Darisy,01_calib,test/05_19 Darisy/01_calib,"MATRIX_[8, 15]_robust_concat_01_calib.hdf","C:\Users\hodor\Documents\lab-Shishkin\projects\BCI_classifier\data\pr_Agency_EBCI\features\csp\test\05_19 Darisy\MATRIX_[8, 15]_robust_concat_01_calib.hdf","[8, 15]","[0, 1, 2, -1]","[0, 1, 2, 55]",4,lda,time_series_by_class,3,5,30,0.8666666666666667,0.8666666666666667,0.14205294314887343,"[2.4317044831465497, 0.5652900157243982, 0.412252147844441, 1.1534144811953742]",1.1406652819776908,1.80761775516909,final_score_5,43,43,
pr_Agency_EBCI,test,05_19 Darisy,01_calib,test/05_19 Darisy/01_calib,"MATRIX_[8, 12]_robust_concat_01_calib.hdf","C:\Users\hodor\Documents\lab-Shishkin\projects\BCI_classifier\data\pr_Agency_EBCI\features\csp\test\05_19 Darisy\MATRIX_[8, 12]_robust_concat_01_calib.hdf","[8, 12]","[0, -3]","[0, 53]",2,lda,time_series_by_class,3,5,30,0.7666666666666667,0.7666666666666666,0.19901633693442547,"[2.3897593468205143, 0.0]",1.1948796734102571,1.7937923307667523,final_score_5,44,44,
pr_Agency_EBCI,test,05_19 Darisy,01_calib,test/05_19 Darisy/01_calib,"MATRIX_[8, 12]_robust_concat_01_calib.hdf","C:\Users\hodor\Documents\lab-Shishkin\projects\BCI_classifier\data\pr_Agency_EBCI\features\csp\test\05_19 Darisy\MATRIX_[8, 12]_robust_concat_01_calib.hdf","[8, 12]","[0, -3, -1]","[0, 53, 55]",3,lda,time_series_by_class,3,5,30,0.7666666666666667,0.7666666666666666,0.18370995724237835,"[2.3897593468205143, 0.0, 1.1301804154650092]",1.1733132540951745,1.7848758325215803,final_score_5,45,45,
pr_Agency_EBCI,test,05_19 Darisy,01_calib,test/05_19 Darisy/01_calib,"MATRIX_[9, 13]_robust_concat_01_calib.hdf","C:\Users\hodor\Documents\lab-Shishkin\projects\BCI_classifier\data\pr_Agency_EBCI\features\csp\test\05_19 Darisy\MATRIX_[9, 13]_robust_concat_01_calib.hdf","[9, 13]","[0, 2, -3, -1]","[0, 2, 53, 55]",4,lda,time_series_by_class,3,5,30,0.9333333333333333,0.9333333333333333,0.0706719848343241,"[2.638040504061817, 0.0, 0.0, 1.4477713240343495]",1.0214529570240416,1.7762063221713535,final_score_5,46,46,
pr_Agency_EBCI,test,05_19 Darisy,01_calib,test/05_19 Darisy/01_calib,"MATRIX_[8, 12]_robust_concat_01_calib.hdf","C:\Users\hodor\Documents\lab-Shishkin\projects\BCI_classifier\data\pr_Agency_EBCI\features\csp\test\05_19 Darisy\MATRIX_[8, 12]_robust_concat_01_calib.hdf","[8, 12]","[0, -2, -1]","[0, 54, 55]",3,lda,time_series_by_class,3,5,30,0.7666666666666667,0.7666666666666666,0.18923658604622118,"[2.3897593468205143, 0.0, 1.1301804154650092]",1.1733132540951745,1.776192477763962,final_score_5,47,47,
pr_Agency_EBCI,test,05_19 Darisy,01_calib,test/05_19 Darisy/01_calib,"MATRIX_[9, 13]_robust_concat_01_calib.hdf","C:\Users\hodor\Documents\lab-Shishkin\projects\BCI_classifier\data\pr_Agency_EBCI\features\csp\test\05_19 Darisy\MATRIX_[9, 13]_robust_concat_01_calib.hdf","[9, 13]","[0, 1, 2]","[0, 1, 2]",3,lda,time_series_by_class,3,5,30,0.9,0.9,0.0966845179387961,"[2.638040504061817, 0.5354747097163108, 0.0]",1.0578384045927092,1.7709449811960316,final_score_5,48,48,
pr_Agency_EBCI,test,05_19 Darisy,01_calib,test/05_19 Darisy/01_calib,"MATRIX_[8, 12]_robust_concat_01_calib.hdf","C:\Users\hodor\Documents\lab-Shishkin\projects\BCI_classifier\data\pr_Agency_EBCI\features\csp\test\05_19 Darisy\MATRIX_[8, 12]_robust_concat_01_calib.hdf","[8, 12]","[0, 1, -2]","[0, 1, 54]",3,lda,time_series_by_class,3,5,30,0.8333333333333334,0.8333333333333333,0.16125031243415425,"[2.3897593468205143, 0.9420905312608264, 0.0]",1.1106166260271135,1.7254903508655093,final_score_5,49,49,
pr_Agency_EBCI,test,05_19 Darisy,01_calib,test/05_19 Darisy/01_calib,"MATRIX_[8, 12]_robust_concat_01_calib.hdf","C:\Users\hodor\Documents\lab-Shishkin\projects\BCI_classifier\data\pr_Agency_EBCI\features\csp\test\05_19 Darisy\MATRIX_[8, 12]_robust_concat_01_calib.hdf","[8, 12]","[0, 1, -2, -1]","[0, 1, 54, 55]",4,lda,time_series_by_class,3,5,30,0.8,0.8,0.17283526494005688,"[2.3897593468205143, 0.9420905312608264, 0.0, 1.1301804154650092]",1.1155075733865876,1.7138992376332272,final_score_5,50,50,
pr_Agency_EBCI,test,05_19 Darisy,01_calib,test/05_19 Darisy/01_calib,"MATRIX_[8, 12]_robust_concat_01_calib.hdf","C:\Users\hodor\Documents\lab-Shishkin\projects\BCI_classifier\data\pr_Agency_EBCI\features\csp\test\05_19 Darisy\MATRIX_[8, 12]_robust_concat_01_calib.hdf","[8, 12]","[0, 1, -3, -1]","[0, 1, 53, 55]",4,lda,time_series_by_class,3,5,30,0.8,0.8,0.1740491107804573,"[2.3897593468205143, 0.9420905312608264, 0.0, 1.1301804154650092]",1.1155075733865876,1.711957366334401,final_score_5,51,51,
pr_Agency_EBCI,test,05_19 Darisy,01_calib,test/05_19 Darisy/01_calib,"MATRIX_[8, 12]_robust_concat_01_calib.hdf","C:\Users\hodor\Documents\lab-Shishkin\projects\BCI_classifier\data\pr_Agency_EBCI\features\csp\test\05_19 Darisy\MATRIX_[8, 12]_robust_concat_01_calib.hdf","[8, 12]","[0, 1, -3]","[0, 1, 53]",3,lda,time_series_by_class,3,5,30,0.8333333333333334,0.8333333333333333,0.17354339659662013,"[2.3897593468205143, 0.9420905312608264, 0.0]",1.1106166260271135,1.7052552335602775,final_score_5,52,52,
pr_Agency_EBCI,test,05_19 Darisy,01_calib,test/05_19 Darisy/01_calib,"MATRIX_[9, 13]_robust_concat_01_calib.hdf","C:\Users\hodor\Documents\lab-Shishkin\projects\BCI_classifier\data\pr_Agency_EBCI\features\csp\test\05_19 Darisy\MATRIX_[9, 13]_robust_concat_01_calib.hdf","[9, 13]","[0, 2, -2, -1]","[0, 2, 54, 55]",4,lda,time_series_by_class,3,5,30,0.8666666666666667,0.8666666666666667,0.11158243721259985,"[2.638040504061817, 0.0, 0.0, 1.4477713240343495]",1.0214529570240416,1.6771079844138432,final_score_5,53,53,
pr_Agency_EBCI,test,05_19 Darisy,01_calib,test/05_19 Darisy/01_calib,"MATRIX_[10, 14]_robust_concat_01_calib.hdf","C:\Users\hodor\Documents\lab-Shishkin\projects\BCI_classifier\data\pr_Agency_EBCI\features\csp\test\05_19 Darisy\MATRIX_[10, 14]_robust_concat_01_calib.hdf","[10, 14]","[0, 2, -3]","[0, 2, 53]",3,lda,time_series_by_class,3,5,30,0.7666666666666667,0.7666666666666666,0.1571310373582829,"[3.221158118304888, 0.0, 0.0]",1.073719372768296,1.675022121871625,final_score_5,54,54,
pr_Agency_EBCI,test,05_19 Darisy,01_calib,test/05_19 Darisy/01_calib,"MATRIX_[10, 14]_robust_concat_01_calib.hdf","C:\Users\hodor\Documents\lab-Shishkin\projects\BCI_classifier\data\pr_Agency_EBCI\features\csp\test\05_19 Darisy\MATRIX_[10, 14]_robust_concat_01_calib.hdf","[10, 14]","[0, 1, -2, -1]","[0, 1, 54, 55]",4,lda,time_series_by_class,3,5,30,0.9,0.9,0.08125891453534297,"[3.221158118304888, 0.0, 0.0, 0.6764790437405594]",0.9744092905113619,1.6673006017938121,final_score_5,55,55,
pr_Agency_EBCI,test,05_19 Darisy,01_calib,test/05_19 Darisy/01_calib,"MATRIX_[10, 14]_robust_concat_01_calib.hdf","C:\Users\hodor\Documents\lab-Shishkin\projects\BCI_classifier\data\pr_Agency_EBCI\features\csp\test\05_19 Darisy\MATRIX_[10, 14]_robust_concat_01_calib.hdf","[10, 14]","[0, -3, -2]","[0, 53, 54]",3,lda,time_series_by_class,3,5,30,0.8,0.8,0.16278576332863817,"[3.221158118304888, 0.0, 0.0]",1.073719372768296,1.6656496419810058,final_score_5,56,56,
pr_Agency_EBCI,test,05_19 Darisy,01_calib,test/05_19 Darisy/01_calib,"MATRIX_[9, 13]_robust_concat_01_calib.hdf","C:\Users\hodor\Documents\lab-Shishkin\projects\BCI_classifier\data\pr_Agency_EBCI\features\csp\test\05_19 Darisy\MATRIX_[9, 13]_robust_concat_01_calib.hdf","[9, 13]","[0, -3, -2, -1]","[0, 53, 54, 55]",4,lda,time_series_by_class,3,5,30,0.8666666666666667,0.8666666666666667,0.11814199157628152,"[2.638040504061817, 0.0, 0.0, 1.4477713240343495]",1.0214529570240416,1.6635894772382402,final_score_5,57,57,
pr_Agency_EBCI,test,05_19 Darisy,01_calib,test/05_19 Darisy/01_calib,"MATRIX_[10, 14]_robust_concat_01_calib.hdf","C:\Users\hodor\Documents\lab-Shishkin\projects\BCI_classifier\data\pr_Agency_EBCI\features\csp\test\05_19 Darisy\MATRIX_[10, 14]_robust_concat_01_calib.hdf","[10, 14]","[0, 1, -3, -1]","[0, 1, 53, 55]",4,lda,time_series_by_class,3,5,30,0.9,0.9,0.08596985227055871,"[3.221158118304888, 0.0, 0.0, 0.6764790437405594]",0.9744092905113619,1.6558862243732322,final_score_5,58,58,
pr_Agency_EBCI,test,05_19 Darisy,01_calib,test/05_19 Darisy/01_calib,"MATRIX_[8, 15]_robust_concat_01_calib.hdf","C:\Users\hodor\Documents\lab-Shishkin\projects\BCI_classifier\data\pr_Agency_EBCI\features\csp\test\05_19 Darisy\MATRIX_[8, 15]_robust_concat_01_calib.hdf","[8, 15]","[0, 1, -2, -1]","[0, 1, 54, 55]",4,lda,time_series_by_class,3,5,30,0.8333333333333334,0.8333333333333333,0.13861692549749546,"[2.4317044831465497, 0.5652900157243982, 0.0, 1.1534144811953742]",1.0376022450165805,1.6504494873640425,final_score_5,59,59,
pr_Agency_EBCI,test,05_19 Darisy,01_calib,test/05_19 Darisy/01_calib,"MATRIX_[9, 13]_robust_concat_01_calib.hdf","C:\Users\hodor\Documents\lab-Shishkin\projects\BCI_classifier\data\pr_Agency_EBCI\features\csp\test\05_19 Darisy\MATRIX_[9, 13]_robust_concat_01_calib.hdf","[9, 13]","[0, 1, -2]","[0, 1, 54]",3,lda,time_series_by_class,3,5,30,0.8333333333333334,0.8333333333333333,0.1585669677245201,"[2.638040504061817, 0.5354747097163108, 0.0]",1.0578384045927092,1.647875134024755,final_score_5,60,60,
pr_Agency_EBCI,test,05_19 Darisy,01_calib,test/05_19 Darisy/01_calib,"MATRIX_[9, 13]_robust_concat_01_calib.hdf","C:\Users\hodor\Documents\lab-Shishkin\projects\BCI_classifier\data\pr_Agency_EBCI\features\csp\test\05_19 Darisy\MATRIX_[9, 13]_robust_concat_01_calib.hdf","[9, 13]","[0, 1, -3]","[0, 1, 53]",3,lda,time_series_by_class,3,5,30,0.8333333333333334,0.8333333333333333,0.15997793449356662,"[2.638040504061817, 0.5354747097163108, 0.0]",1.0578384045927092,1.645562430556092,final_score_5,61,61,
pr_Agency_EBCI,test,05_19 Darisy,01_calib,test/05_19 Darisy/01_calib,"MATRIX_[10, 14]_robust_concat_01_calib.hdf","C:\Users\hodor\Documents\lab-Shishkin\projects\BCI_classifier\data\pr_Agency_EBCI\features\csp\test\05_19 Darisy\MATRIX_[10, 14]_robust_concat_01_calib.hdf","[10, 14]","[0, 1, 2, -1]","[0, 1, 2, 55]",4,lda,time_series_by_class,3,5,30,0.8666666666666667,0.8666666666666667,0.09269816209597329,"[3.221158118304888, 0.0, 0.0, 0.6764790437405594]",0.9744092905113619,1.6402209809803039,final_score_5,62,62,
pr_Agency_EBCI,test,05_19 Darisy,01_calib,test/05_19 Darisy/01_calib,"MATRIX_[10, 14]_robust_concat_01_calib.hdf","C:\Users\hodor\Documents\lab-Shishkin\projects\BCI_classifier\data\pr_Agency_EBCI\features\csp\test\05_19 Darisy\MATRIX_[10, 14]_robust_concat_01_calib.hdf","[10, 14]","[0, 2, -2]","[0, 2, 54]",3,lda,time_series_by_class,3,5,30,0.7666666666666667,0.7666666666666666,0.1804524101905089,"[3.221158118304888, 0.0, 0.0]",1.073719372768296,1.63816283219106,final_score_5,63,63,
pr_Agency_EBCI,test,05_19 Darisy,01_calib,test/05_19 Darisy/01_calib,"MATRIX_[8, 15]_robust_concat_01_calib.hdf","C:\Users\hodor\Documents\lab-Shishkin\projects\BCI_classifier\data\pr_Agency_EBCI\features\csp\test\05_19 Darisy\MATRIX_[8, 15]_robust_concat_01_calib.hdf","[8, 15]","[0, 1, -3, -1]","[0, 1, 53, 55]",4,lda,time_series_by_class,3,5,30,0.8333333333333334,0.8333333333333333,0.15443461155844654,"[2.4317044831465497, 0.5652900157243982, 0.0, 1.1534144811953742]",1.0376022450165805,1.623099378298373,final_score_5,64,64,
pr_Agency_EBCI,test,05_19 Darisy,01_calib,test/05_19 Darisy/01_calib,"MATRIX_[8, 15]_robust_concat_01_calib.hdf","C:\Users\hodor\Documents\lab-Shishkin\projects\BCI_classifier\data\pr_Agency_EBCI\features\csp\test\05_19 Darisy\MATRIX_[8, 15]_robust_concat_01_calib.hdf","[8, 15]","[0, 2, -2, -1]","[0, 2, 54, 55]",4,lda,time_series_by_class,3,5,30,0.8333333333333334,0.8333333333333333,0.12113084089029114,"[2.4317044831465497, 0.412252147844441, 0.0, 1.1534144811953742]",0.9993427780465911,1.6217325648861551,final_score_5,65,65,
pr_Agency_EBCI,test,05_19 Darisy,01_calib,test/05_19 Darisy/01_calib,"MATRIX_[8, 15]_robust_concat_01_calib.hdf","C:\Users\hodor\Documents\lab-Shishkin\projects\BCI_classifier\data\pr_Agency_EBCI\features\csp\test\05_19 Darisy\MATRIX_[8, 15]_robust_concat_01_calib.hdf","[8, 15]","[0, 2, -3, -1]","[0, 2, 53, 55]",4,lda,time_series_by_class,3,5,30,0.8666666666666667,0.8666666666666667,0.1392863436033583,"[2.4317044831465497, 0.412252147844441, 0.0, 1.1534144811953742]",0.9993427780465911,1.5884279545574793,final_score_5,66,66,
pr_Agency_EBCI,test,05_19 Darisy,01_calib,test/05_19 Darisy/01_calib,"MATRIX_[8, 12]_robust_concat_01_calib.hdf","C:\Users\hodor\Documents\lab-Shishkin\projects\BCI_classifier\data\pr_Agency_EBCI\features\csp\test\05_19 Darisy\MATRIX_[8, 12]_robust_concat_01_calib.hdf","[8, 12]","[1, -1]","[1, 55]",2,lda,time_series_by_class,3,5,30,0.7666666666666667,0.7666666666666666,0.18173235699214216,"[0.9420905312608264, 1.1301804154650092]",1.0361354733629178,1.5789951258834118,final_score_5,67,67,
pr_Agency_EBCI,test,05_19 Darisy,01_calib,test/05_19 Darisy/01_calib,"MATRIX_[8, 15]_robust_concat_01_calib.hdf","C:\Users\hodor\Documents\lab-Shishkin\projects\BCI_classifier\data\pr_Agency_EBCI\features\csp\test\05_19 Darisy\MATRIX_[8, 15]_robust_concat_01_calib.hdf","[8, 15]","[0, 1, -3]","[0, 1, 53]",3,lda,time_series_by_class,3,5,30,0.8333333333333334,0.8333333333333333,0.14588691648155755,"[2.4317044831465497, 0.5652900157243982, 0.0]",0.998998166290316,1.5766425458189541,final_score_5,68,68,
pr_Agency_EBCI,test,05_19 Darisy,01_calib,test/05_19 Darisy/01_calib,"MATRIX_[9, 13]_robust_concat_01_calib.hdf","C:\Users\hodor\Documents\lab-Shishkin\projects\BCI_classifier\data\pr_Agency_EBCI\features\csp\test\05_19 Darisy\MATRIX_[9, 13]_robust_concat_01_calib.hdf","[9, 13]","[1, -1]","[1, 55]",2,lda,time_series_by_class,3,5,30,0.8,0.8,0.1491473876734844,"[0.5354747097163108, 1.4477713240343495]",0.9916230168753302,1.5596484708149576,final_score_5,69,69,
pr_Agency_EBCI,test,05_19 Darisy,01_calib,test/05_19 Darisy/01_calib,"MATRIX_[8, 15]_robust_concat_01_calib.hdf","C:\Users\hodor\Documents\lab-Shishkin\projects\BCI_classifier\data\pr_Agency_EBCI\features\csp\test\05_19 Darisy\MATRIX_[8, 15]_robust_concat_01_calib.hdf","[8, 15]","[0, 1, -2]","[0, 1, 54]",3,lda,time_series_by_class,3,5,30,0.8,0.8,0.1572655010985575,"[2.4317044831465497, 0.5652900157243982, 0.0]",0.998998166290316,1.5582450922982802,final_score_5,70,70,
pr_Agency_EBCI,test,05_19 Darisy,01_calib,test/05_19 Darisy/01_calib,"MATRIX_[8, 12]_robust_concat_01_calib.hdf","C:\Users\hodor\Documents\lab-Shishkin\projects\BCI_classifier\data\pr_Agency_EBCI\features\csp\test\05_19 Darisy\MATRIX_[8, 12]_robust_concat_01_calib.hdf","[8, 12]","[0, 2, -3, -1]","[0, 2, 53, 55]",4,lda,time_series_by_class,3,5,30,0.9,0.9,0.07510662253327877,"[2.3897593468205143, 0.0, 0.0, 1.1301804154650092]",0.8799849405713809,1.5197259489616328,final_score_5,71,71,
pr_Agency_EBCI,test,05_19 Darisy,01_calib,test/05_19 Darisy/01_calib,"MATRIX_[8, 15]_robust_concat_01_calib.hdf","C:\Users\hodor\Documents\lab-Shishkin\projects\BCI_classifier\data\pr_Agency_EBCI\features\csp\test\05_19 Darisy\MATRIX_[8, 15]_robust_concat_01_calib.hdf","[8, 15]","[0, 2, -2]","[0, 2, 54]",3,lda,time_series_by_class,3,5,30,0.8333333333333334,0.8333333333333333,0.13425649671178125,"[2.4317044831465497, 0.412252147844441, 0.0]",0.9479855436636635,1.515205958518356,final_score_5,72,72,
pr_Agency_EBCI,test,05_19 Darisy,01_calib,test/05_19 Darisy/01_calib,"MATRIX_[10, 14]_robust_concat_01_calib.hdf","C:\Users\hodor\Documents\lab-Shishkin\projects\BCI_classifier\data\pr_Agency_EBCI\features\csp\test\05_19 Darisy\MATRIX_[10, 14]_robust_concat_01_calib.hdf","[10, 14]","[0, 2, -3, -1]","[0, 2, 53, 55]",4,lda,time_series_by_class,3,5,30,0.7666666666666667,0.7666666666666666,0.16142194089914866,"[3.221158118304888, 0.0, 0.0, 0.6764790437405594]",0.9744092905113619,1.5136179993613106,final_score_5,73,73,
pr_Agency_EBCI,test,05_19 Darisy,01_calib,test/05_19 Darisy/01_calib,"MATRIX_[10, 14]_robust_concat_01_calib.hdf","C:\Users\hodor\Documents\lab-Shishkin\projects\BCI_classifier\data\pr_Agency_EBCI\features\csp\test\05_19 Darisy\MATRIX_[10, 14]_robust_concat_01_calib.hdf","[10, 14]","[0, -3, -2, -1]","[0, 53, 54, 55]",4,lda,time_series_by_class,3,5,30,0.8,0.8,0.16336851014557016,"[3.221158118304888, 0.0, 0.0, 0.6764790437405594]",0.9744092905113619,1.5107294521681884,final_score_5,74,74,
pr_Agency_EBCI,test,05_19 Darisy,01_calib,test/05_19 Darisy/01_calib,"MATRIX_[8, 15]_robust_concat_01_calib.hdf","C:\Users\hodor\Documents\lab-Shishkin\projects\BCI_classifier\data\pr_Agency_EBCI\features\csp\test\05_19 Darisy\MATRIX_[8, 15]_robust_concat_01_calib.hdf","[8, 15]","[0, 2, -3]","[0, 2, 53]",3,lda,time_series_by_class,3,5,30,0.8333333333333334,0.8333333333333333,0.141550364285609,"[2.4317044831465497, 0.412252147844441, 0.0]",0.9479855436636635,1.503092867672222,final_score_5,75,75,
pr_Agency_EBCI,test,05_19 Darisy,01_calib,test/05_19 Darisy/01_calib,"MATRIX_[8, 12]_robust_concat_01_calib.hdf","C:\Users\hodor\Documents\lab-Shishkin\projects\BCI_classifier\data\pr_Agency_EBCI\features\csp\test\05_19 Darisy\MATRIX_[8, 12]_robust_concat_01_calib.hdf","[8, 12]","[0, 2, -2, -1]","[0, 2, 54, 55]",4,lda,time_series_by_class,3,5,30,0.9,0.9,0.08493782392895849,"[2.3897593468205143, 0.0, 0.0, 1.1301804154650092]",0.8799849405713809,1.4976529836815728,final_score_5,76,76,
pr_Agency_EBCI,test,05_19 Darisy,01_calib,test/05_19 Darisy/01_calib,"MATRIX_[10, 14]_robust_concat_01_calib.hdf","C:\Users\hodor\Documents\lab-Shishkin\projects\BCI_classifier\data\pr_Agency_EBCI\features\csp\test\05_19 Darisy\MATRIX_[10, 14]_robust_concat_01_calib.hdf","[10, 14]","[0, 2, -2, -1]","[0, 2, 54, 55]",4,lda,time_series_by_class,3,5,30,0.7666666666666667,0.7666666666666666,0.190088842246312,"[3.221158118304888, 0.0, 0.0, 0.6764790437405594]",0.9744092905113619,1.473992557184801,final_score_5,77,77,
pr_Agency_EBCI,test,05_19 Darisy,01_calib,test/05_19 Darisy/01_calib,"MATRIX_[9, 13]_robust_concat_01_calib.hdf","C:\Users\hodor\Documents\lab-Shishkin\projects\BCI_classifier\data\pr_Agency_EBCI\features\csp\test\05_19 Darisy\MATRIX_[9, 13]_robust_concat_01_calib.hdf","[9, 13]","[0, 2, -3]","[0, 2, 53]",3,lda,time_series_by_class,3,5,30,0.8666666666666667,0.8666666666666667,0.10494531468999672,"[2.638040504061817, 0.0, 0.0]",0.8793468346872723,1.4560711143052125,final_score_5,78,78,
pr_Agency_EBCI,test,05_19 Darisy,01_calib,test/05_19 Darisy/01_calib,"MATRIX_[8, 12]_robust_concat_01_calib.hdf","C:\Users\hodor\Documents\lab-Shishkin\projects\BCI_classifier\data\pr_Agency_EBCI\features\csp\test\05_19 Darisy\MATRIX_[8, 12]_robust_concat_01_calib.hdf","[8, 12]","[0, 1, 2, -3]","[0, 1, 2, 53]",4,lda,time_series_by_class,3,5,30,0.9333333333333333,0.9333333333333333,0.07681073260539677,"[2.3897593468205143, 0.9420905312608264, 0.0, 0.0]",0.8329624695203351,1.4347906296356092,final_score_5,79,79,
pr_Agency_EBCI,test,05_19 Darisy,01_calib,test/05_19 Darisy/01_calib,"MATRIX_[9, 13]_robust_concat_01_calib.hdf","C:\Users\hodor\Documents\lab-Shishkin\projects\BCI_classifier\data\pr_Agency_EBCI\features\csp\test\05_19 Darisy\MATRIX_[9, 13]_robust_concat_01_calib.hdf","[9, 13]","[0, 2, -2]","[0, 2, 54]",3,lda,time_series_by_class,3,5,30,0.8333333333333334,0.8333333333333333,0.11969310130131099,"[2.638040504061817, 0.0, 0.0]",0.8793468346872723,1.4294662029863632,final_score_5,80,80,
pr_Agency_EBCI,test,05_19 Darisy,01_calib,test/05_19 Darisy/01_calib,"MATRIX_[8, 12]_robust_concat_01_calib.hdf","C:\Users\hodor\Documents\lab-Shishkin\projects\BCI_classifier\data\pr_Agency_EBCI\features\csp\test\05_19 Darisy\MATRIX_[8, 12]_robust_concat_01_calib.hdf","[8, 12]","[0, 1, 2, -2]","[0, 1, 2, 54]",4,lda,time_series_by_class,3,5,30,0.8666666666666667,0.8666666666666667,0.08585937937036008,"[2.3897593468205143, 0.9420905312608264, 0.0, 0.0]",0.8329624695203351,1.4157402474299046,final_score_5,81,81,
pr_Agency_EBCI,test,05_19 Darisy,01_calib,test/05_19 Darisy/01_calib,"MATRIX_[10, 14]_robust_concat_01_calib.hdf","C:\Users\hodor\Documents\lab-Shishkin\projects\BCI_classifier\data\pr_Agency_EBCI\features\csp\test\05_19 Darisy\MATRIX_[10, 14]_robust_concat_01_calib.hdf","[10, 14]","[0, 1, 2, -2]","[0, 1, 2, 54]",4,lda,time_series_by_class,3,5,30,0.9333333333333333,0.9333333333333333,0.0657589901570915,"[3.221158118304888, 0.0, 0.0, 0.0]",0.805289529576222,1.4113194735493018,final_score_5,82,82,
pr_Agency_EBCI,test,05_19 Darisy,01_calib,test/05_19 Darisy/01_calib,"MATRIX_[10, 14]_robust_concat_01_calib.hdf","C:\Users\hodor\Documents\lab-Shishkin\projects\BCI_classifier\data\pr_Agency_EBCI\features\csp\test\05_19 Darisy\MATRIX_[10, 14]_robust_concat_01_calib.hdf","[10, 14]","[0, 1, -3, -2]","[0, 1, 53, 54]",4,lda,time_series_by_class,3,5,30,0.9,0.9,0.07352727911206346,"[3.221158118304888, 0.0, 0.0, 0.0]",0.805289529576222,1.3941079700552772,final_score_5,83,83,
pr_Agency_EBCI,test,05_19 Darisy,01_calib,test/05_19 Darisy/01_calib,"MATRIX_[8, 15]_robust_concat_01_calib.hdf","C:\Users\hodor\Documents\lab-Shishkin\projects\BCI_classifier\data\pr_Agency_EBCI\features\csp\test\05_19 Darisy\MATRIX_[8, 15]_robust_concat_01_calib.hdf","[8, 15]","[0, -3, -2, -1]","[0, 53, 54, 55]",4,lda,time_series_by_class,3,5,30,0.8333333333333334,0.8333333333333333,0.16680363992518735,"[2.4317044831465497, 0.0, 0.0, 1.1534144811953742]",0.896279741085481,1.3849770404188706,final_score_5,84,84,
pr_Agency_EBCI,test,05_19 Darisy,01_calib,test/05_19 Darisy/01_calib,"MATRIX_[8, 15]_robust_concat_01_calib.hdf","C:\Users\hodor\Documents\lab-Shishkin\projects\BCI_classifier\data\pr_Agency_EBCI\features\csp\test\05_19 Darisy\MATRIX_[8, 15]_robust_concat_01_calib.hdf","[8, 15]","[0, 1, 2, -2]","[0, 1, 2, 54]",4,lda,time_series_by_class,3,5,30,0.8666666666666667,0.8666666666666667,0.12546259389279732,"[2.4317044831465497, 0.5652900157243982, 0.412252147844441, 0.0]",0.8523116616788473,1.3760656522585368,final_score_5,85,85,
pr_Agency_EBCI,test,05_19 Darisy,01_calib,test/05_19 Darisy/01_calib,"MATRIX_[8, 12]_robust_concat_01_calib.hdf","C:\Users\hodor\Documents\lab-Shishkin\projects\BCI_classifier\data\pr_Agency_EBCI\features\csp\test\05_19 Darisy\MATRIX_[8, 12]_robust_concat_01_calib.hdf","[8, 12]","[0, 2, -3]","[0, 2, 53]",3,lda,time_series_by_class,3,5,30,0.9333333333333333,0.9333333333333333,0.07575117851224618,"[2.3897593468205143, 0.0, 0.0]",0.7965864489401714,1.374343870132694,final_score_5,86,86,
pr_Agency_EBCI,test,05_19 Darisy,01_calib,test/05_19 Darisy/01_calib,"MATRIX_[8, 12]_robust_concat_01_calib.hdf","C:\Users\hodor\Documents\lab-Shishkin\projects\BCI_classifier\data\pr_Agency_EBCI\features\csp\test\05_19 Darisy\MATRIX_[8, 12]_robust_concat_01_calib.hdf","[8, 12]","[0, 2, -2]","[0, 2, 54]",3,lda,time_series_by_class,3,5,30,0.9333333333333333,0.9333333333333333,0.0788142806780436,"[2.3897593468205143, 0.0, 0.0]",0.7965864489401714,1.3679965266470713,final_score_5,87,87,
pr_Agency_EBCI,test,05_19 Darisy,01_calib,test/05_19 Darisy/01_calib,"MATRIX_[10, 14]_robust_concat_01_calib.hdf","C:\Users\hodor\Documents\lab-Shishkin\projects\BCI_classifier\data\pr_Agency_EBCI\features\csp\test\05_19 Darisy\MATRIX_[10, 14]_robust_concat_01_calib.hdf","[10, 14]","[0, 1, 2, -3]","[0, 1, 2, 53]",4,lda,time_series_by_class,3,5,30,0.9,0.9,0.09008915980799309,"[3.221158118304888, 0.0, 0.0, 0.0]",0.805289529576222,1.3604909235953813,final_score_5,88,88,
pr_Agency_EBCI,test,05_19 Darisy,01_calib,test/05_19 Darisy/01_calib,"MATRIX_[8, 15]_robust_concat_01_calib.hdf","C:\Users\hodor\Documents\lab-Shishkin\projects\BCI_classifier\data\pr_Agency_EBCI\features\csp\test\05_19 Darisy\MATRIX_[8, 15]_robust_concat_01_calib.hdf","[8, 15]","[0, 1, 2, -3]","[0, 1, 2, 53]",4,lda,time_series_by_class,3,5,30,0.8333333333333334,0.8333333333333333,0.13654998157421275,"[2.4317044831465497, 0.5652900157243982, 0.412252147844441, 0.0]",0.8523116616788473,1.358810968374488,final_score_5,89,89,
pr_Agency_EBCI,test,05_19 Darisy,01_calib,test/05_19 Darisy/01_calib,"MATRIX_[8, 12]_robust_concat_01_calib.hdf","C:\Users\hodor\Documents\lab-Shishkin\projects\BCI_classifier\data\pr_Agency_EBCI\features\csp\test\05_19 Darisy\MATRIX_[8, 12]_robust_concat_01_calib.hdf","[8, 12]","[0, -3, -2, -1]","[0, 53, 54, 55]",4,lda,time_series_by_class,3,5,30,0.8,0.8,0.17411835180786608,"[2.3897593468205143, 0.0, 0.0, 1.1301804154650092]",0.8799849405713809,1.3504162553245849,final_score_5,90,90,
pr_Agency_EBCI,test,05_19 Darisy,01_calib,test/05_19 Darisy/01_calib,"MATRIX_[9, 13]_robust_concat_01_calib.hdf","C:\Users\hodor\Documents\lab-Shishkin\projects\BCI_classifier\data\pr_Agency_EBCI\features\csp\test\05_19 Darisy\MATRIX_[9, 13]_robust_concat_01_calib.hdf","[9, 13]","[0, -3, -2]","[0, 53, 54]",3,lda,time_series_by_class,3,5,30,0.7666666666666667,0.7666666666666666,0.1844563381277393,"[2.638040504061817, 0.0, 0.0]",0.8793468346872723,1.3367963536467444,final_score_5,91,91,
pr_Agency_EBCI,test,05_19 Darisy,01_calib,test/05_19 Darisy/01_calib,"MATRIX_[8, 15]_robust_concat_01_calib.hdf","C:\Users\hodor\Documents\lab-Shishkin\projects\BCI_classifier\data\pr_Agency_EBCI\features\csp\test\05_19 Darisy\MATRIX_[8, 15]_robust_concat_01_calib.hdf","[8, 15]","[1, -1]","[1, 55]",2,lda,time_series_by_class,3,5,30,0.8333333333333334,0.8333333333333333,0.1623166490621351,"[0.5652900157243982, 1.1534144811953742]",0.8593522484598861,1.3337175588503078,final_score_5,92,92,
pr_Agency_EBCI,test,05_19 Darisy,01_calib,test/05_19 Darisy/01_calib,"MATRIX_[9, 13]_robust_concat_01_calib.hdf","C:\Users\hodor\Documents\lab-Shishkin\projects\BCI_classifier\data\pr_Agency_EBCI\features\csp\test\05_19 Darisy\MATRIX_[9, 13]_robust_concat_01_calib.hdf","[9, 13]","[0, 1, 2, -3]","[0, 1, 2, 53]",4,lda,time_series_by_class,3,5,30,0.9,0.9,0.09669558195292809,"[2.638040504061817, 0.5354747097163108, 0.0, 0.0]",0.7933788034445319,1.3281887916636383,final_score_5,93,93,
pr_Agency_EBCI,test,05_19 Darisy,01_calib,test/05_19 Darisy/01_calib,"MATRIX_[9, 13]_robust_concat_01_calib.hdf","C:\Users\hodor\Documents\lab-Shishkin\projects\BCI_classifier\data\pr_Agency_EBCI\features\csp\test\05_19 Darisy\MATRIX_[9, 13]_robust_concat_01_calib.hdf","[9, 13]","[0, 1, 2, -2]","[0, 1, 2, 54]",4,lda,time_series_by_class,3,5,30,0.9,0.9,0.09686466445060779,"[2.638040504061817, 0.5354747097163108, 0.0, 0.0]",0.7933788034445319,1.3278841848194405,final_score_5,94,94,
pr_Agency_EBCI,test,05_19 Darisy,01_calib,test/05_19 Darisy/01_calib,"MATRIX_[8, 12]_robust_concat_01_calib.hdf","C:\Users\hodor\Documents\lab-Shishkin\projects\BCI_classifier\data\pr_Agency_EBCI\features\csp\test\05_19 Darisy\MATRIX_[8, 12]_robust_concat_01_calib.hdf","[8, 12]","[0, 1, -3, -2]","[0, 1, 53, 54]",4,lda,time_series_by_class,3,5,30,0.8333333333333334,0.8333333333333333,0.17101627509620215,"[2.3897593468205143, 0.9420905312608264, 0.0, 0.0]",0.8329624695203351,1.2819791436834043,final_score_5,95,95,
pr_Agency_EBCI,test,05_19 Darisy,01_calib,test/05_19 Darisy/01_calib,"MATRIX_[10, 14]_robust_concat_01_calib.hdf","C:\Users\hodor\Documents\lab-Shishkin\projects\BCI_classifier\data\pr_Agency_EBCI\features\csp\test\05_19 Darisy\MATRIX_[10, 14]_robust_concat_01_calib.hdf","[10, 14]","[0, 2, -3, -2]","[0, 2, 53, 54]",4,lda,time_series_by_class,3,5,30,0.8,0.8,0.17276421868245712,"[3.221158118304888, 0.0, 0.0, 0.0]",0.805289529576222,1.237353278839783,final_score_5,96,96,
pr_Agency_EBCI,test,05_19 Darisy,01_calib,test/05_19 Darisy/01_calib,"MATRIX_[9, 13]_robust_concat_01_calib.hdf","C:\Users\hodor\Documents\lab-Shishkin\projects\BCI_classifier\data\pr_Agency_EBCI\features\csp\test\05_19 Darisy\MATRIX_[9, 13]_robust_concat_01_calib.hdf","[9, 13]","[0, 1, -3, -2]","[0, 1, 53, 54]",4,lda,time_series_by_class,3,5,30,0.8333333333333334,0.8333333333333333,0.15961615727150882,"[2.638040504061817, 0.5354747097163108, 0.0, 0.0]",0.7933788034445319,1.2346152648227307,final_score_5,97,97,
pr_Agency_EBCI,test,05_19 Darisy,01_calib,test/05_19 Darisy/01_calib,"MATRIX_[8, 15]_robust_concat_01_calib.hdf","C:\Users\hodor\Documents\lab-Shishkin\projects\BCI_classifier\data\pr_Agency_EBCI\features\csp\test\05_19 Darisy\MATRIX_[8, 15]_robust_concat_01_calib.hdf","[8, 15]","[0, -3, -2]","[0, 53, 54]",3,lda,time_series_by_class,3,5,30,0.8,0.8,0.18406160914307587,"[2.4317044831465497, 0.0, 0.0]",0.8105681610488499,1.2326713558239808,final_score_5,98,98,
pr_Agency_EBCI,test,05_19 Darisy,01_calib,test/05_19 Darisy/01_calib,"MATRIX_[8, 12]_robust_concat_01_calib.hdf","C:\Users\hodor\Documents\lab-Shishkin\projects\BCI_classifier\data\pr_Agency_EBCI\features\csp\test\05_19 Darisy\MATRIX_[8, 12]_robust_concat_01_calib.hdf","[8, 12]","[0, -3, -2]","[0, 53, 54]",3,lda,time_series_by_class,3,5,30,0.7666666666666667,0.7666666666666666,0.1705860885002111,"[2.3897593468205143, 0.0, 0.0]",0.7965864489401714,1.2264927372004861,final_score_5,99,99,
pr_Agency_EBCI,test,05_19 Darisy,01_calib,test/05_19 Darisy/01_calib,"MATRIX_[8, 15]_robust_concat_01_calib.hdf","C:\Users\hodor\Documents\lab-Shishkin\projects\BCI_classifier\data\pr_Agency_EBCI\features\csp\test\05_19 Darisy\MATRIX_[8, 15]_robust_concat_01_calib.hdf","[8, 15]","[2, -1]","[2, 55]",2,lda,time_series_by_class,3,5,30,0.8,0.8,0.16673506895886936,"[0.412252147844441, 1.1534144811953742]",0.7828333145199076,1.2097536615389732,final_score_5,100,100,
pr_Agency_EBCI,test,05_19 Darisy,01_calib,test/05_19 Darisy/01_calib,"MATRIX_[9, 13]_robust_concat_01_calib.hdf","C:\Users\hodor\Documents\lab-Shishkin\projects\BCI_classifier\data\pr_Agency_EBCI\features\csp\test\05_19 Darisy\MATRIX_[9, 13]_robust_concat_01_calib.hdf","[9, 13]","[-3, -1]","[53, 55]",2,lda,time_series_by_class,3,5,30,0.9,0.9,0.11081369269338306,"[0.0, 1.4477713240343495]",0.7238856620171747,1.1896860299123473,final_score_5,101,101,
pr_Agency_EBCI,test,05_19 Darisy,01_calib,test/05_19 Darisy/01_calib,"MATRIX_[9, 13]_robust_concat_01_calib.hdf","C:\Users\hodor\Documents\lab-Shishkin\projects\BCI_classifier\data\pr_Agency_EBCI\features\csp\test\05_19 Darisy\MATRIX_[9, 13]_robust_concat_01_calib.hdf","[9, 13]","[-2, -1]","[54, 55]",2,lda,time_series_by_class,3,5,30,0.8333333333333334,0.8333333333333333,0.11924514766918531,"[0.0, 1.4477713240343495]",0.7238856620171747,1.1773839640601518,final_score_5,102,102,
pr_Agency_EBCI,test,05_19 Darisy,01_calib,test/05_19 Darisy/01_calib,"MATRIX_[9, 13]_robust_concat_01_calib.hdf","C:\Users\hodor\Documents\lab-Shishkin\projects\BCI_classifier\data\pr_Agency_EBCI\features\csp\test\05_19 Darisy\MATRIX_[9, 13]_robust_concat_01_calib.hdf","[9, 13]","[2, -1]","[2, 55]",2,lda,time_series_by_class,3,5,30,0.8333333333333334,0.8333333333333334,0.13007143989955183,"[0.0, 1.4477713240343495]",0.7238856620171747,1.1625092898217915,final_score_5,103,103,
pr_Agency_EBCI,test,05_19 Darisy,01_calib,test/05_19 Darisy/01_calib,"MATRIX_[8, 15]_robust_concat_01_calib.hdf","C:\Users\hodor\Documents\lab-Shishkin\projects\BCI_classifier\data\pr_Agency_EBCI\features\csp\test\05_19 Darisy\MATRIX_[8, 15]_robust_concat_01_calib.hdf","[8, 15]","[0, 1, -3, -2]","[0, 1, 53, 54]",4,lda,time_series_by_class,3,5,30,0.8,0.8,0.16315166179325924,"[2.4317044831465497, 0.5652900157243982, 0.0, 0.0]",0.749248624717737,1.1618853842566654,final_score_5,104,104,
pr_Agency_EBCI,test,05_19 Darisy,01_calib,test/05_19 Darisy/01_calib,"MATRIX_[8, 12]_robust_concat_01_calib.hdf","C:\Users\hodor\Documents\lab-Shishkin\projects\BCI_classifier\data\pr_Agency_EBCI\features\csp\test\05_19 Darisy\MATRIX_[8, 12]_robust_concat_01_calib.hdf","[8, 12]","[1, -2, -1]","[1, 54, 55]",3,lda,time_series_by_class,3,5,30,0.8333333333333334,0.8333333333333333,0.11431011433543506,"[0.9420905312608264, 0.0, 1.1301804154650092]",0.6907569822419451,1.130295483064583,final_score_5,105,105,
pr_Agency_EBCI,test,05_19 Darisy,01_calib,test/05_19 Darisy/01_calib,"MATRIX_[8, 12]_robust_concat_01_calib.hdf","C:\Users\hodor\Documents\lab-Shishkin\projects\BCI_classifier\data\pr_Agency_EBCI\features\csp\test\05_19 Darisy\MATRIX_[8, 12]_robust_concat_01_calib.hdf","[8, 12]","[1, -3, -1]","[1, 53, 55]",3,lda,time_series_by_class,3,5,30,0.8333333333333334,0.8333333333333333,0.1199033355851731,"[0.9420905312608264, 0.0, 1.1301804154650092]",0.6907569822419451,1.1226105488691263,final_score_5,106,106,
pr_Agency_EBCI,test,05_19 Darisy,01_calib,test/05_19 Darisy/01_calib,"MATRIX_[8, 15]_robust_concat_01_calib.hdf","C:\Users\hodor\Documents\lab-Shishkin\projects\BCI_classifier\data\pr_Agency_EBCI\features\csp\test\05_19 Darisy\MATRIX_[8, 15]_robust_concat_01_calib.hdf","[8, 15]","[0, 2, -3, -2]","[0, 2, 53, 54]",4,lda,time_series_by_class,3,5,30,0.8333333333333334,0.8333333333333333,0.14659273057549324,"[2.4317044831465497, 0.412252147844441, 0.0, 0.0]",0.7109891577477476,1.1212627122837584,final_score_5,107,107,
pr_Agency_EBCI,test,05_19 Darisy,01_calib,test/05_19 Darisy/01_calib,"MATRIX_[8, 15]_robust_concat_01_calib.hdf","C:\Users\hodor\Documents\lab-Shishkin\projects\BCI_classifier\data\pr_Agency_EBCI\features\csp\test\05_19 Darisy\MATRIX_[8, 15]_robust_concat_01_calib.hdf","[8, 15]","[1, 2, -1]","[1, 2, 55]",3,lda,time_series_by_class,3,5,30,0.8333333333333334,0.8333333333333333,0.15994834025197371,"[0.5652900157243982, 0.412252147844441, 1.1534144811953742]",0.7103188815880711,1.1049971185210867,final_score_5,108,108,
pr_Agency_EBCI,test,05_19 Darisy,01_calib,test/05_19 Darisy/01_calib,"MATRIX_[8, 12]_robust_concat_01_calib.hdf","C:\Users\hodor\Documents\lab-Shishkin\projects\BCI_classifier\data\pr_Agency_EBCI\features\csp\test\05_19 Darisy\MATRIX_[8, 12]_robust_concat_01_calib.hdf","[8, 12]","[1, 2, -1]","[1, 2, 55]",3,lda,time_series_by_class,3,5,30,0.8,0.8,0.1357449518216344,"[0.9420905312608264, 0.0, 1.1301804154650092]",0.6907569822419451,1.1022341934370146,final_score_5,109,109,
pr_Agency_EBCI,test,05_19 Darisy,01_calib,test/05_19 Darisy/01_calib,"MATRIX_[9, 13]_robust_concat_01_calib.hdf","C:\Users\hodor\Documents\lab-Shishkin\projects\BCI_classifier\data\pr_Agency_EBCI\features\csp\test\05_19 Darisy\MATRIX_[9, 13]_robust_concat_01_calib.hdf","[9, 13]","[1, 2, -1]","[1, 2, 55]",3,lda,time_series_by_class,3,5,30,0.8666666666666667,0.8666666666666667,0.11282215559069084,"[0.5354747097163108, 0.0, 1.4477713240343495]",0.6610820112502201,1.0837387824766205,final_score_5,110,110,
pr_Agency_EBCI,test,05_19 Darisy,01_calib,test/05_19 Darisy/01_calib,"MATRIX_[9, 13]_robust_concat_01_calib.hdf","C:\Users\hodor\Documents\lab-Shishkin\projects\BCI_classifier\data\pr_Agency_EBCI\features\csp\test\05_19 Darisy\MATRIX_[9, 13]_robust_concat_01_calib.hdf","[9, 13]","[0, 2, -3, -2]","[0, 2, 53, 54]",4,lda,time_series_by_class,3,5,30,0.8666666666666667,0.8666666666666667,0.11265546395396177,"[2.638040504061817, 0.0, 0.0, 0.0]",0.6595101260154542,1.0813867295297728,final_score_5,111,111,
pr_Agency_EBCI,test,05_19 Darisy,01_calib,test/05_19 Darisy/01_calib,"MATRIX_[9, 13]_robust_concat_01_calib.hdf","C:\Users\hodor\Documents\lab-Shishkin\projects\BCI_classifier\data\pr_Agency_EBCI\features\csp\test\05_19 Darisy\MATRIX_[9, 13]_robust_concat_01_calib.hdf","[9, 13]","[1, -3, -1]","[1, 53, 55]",3,lda,time_series_by_class,3,5,30,0.8333333333333334,0.8333333333333334,0.12429627326750678,"[0.5354747097163108, 0.0, 1.4477713240343495]",0.6610820112502201,1.0687845140199046,final_score_5,112,112,
pr_Agency_EBCI,test,05_19 Darisy,01_calib,test/05_19 Darisy/01_calib,"MATRIX_[9, 13]_robust_concat_01_calib.hdf","C:\Users\hodor\Documents\lab-Shishkin\projects\BCI_classifier\data\pr_Agency_EBCI\features\csp\test\05_19 Darisy\MATRIX_[9, 13]_robust_concat_01_calib.hdf","[9, 13]","[1, -2, -1]","[1, 54, 55]",3,lda,time_series_by_class,3,5,30,0.8333333333333334,0.8333333333333333,0.12651634236460602,"[0.5354747097163108, 0.0, 1.4477713240343495]",0.6610820112502201,1.0660124392114765,final_score_5,113,113,
pr_Agency_EBCI,test,05_19 Darisy,01_calib,test/05_19 Darisy/01_calib,"MATRIX_[8, 12]_robust_concat_01_calib.hdf","C:\Users\hodor\Documents\lab-Shishkin\projects\BCI_classifier\data\pr_Agency_EBCI\features\csp\test\05_19 Darisy\MATRIX_[8, 12]_robust_concat_01_calib.hdf","[8, 12]","[0, 2, -3, -2]","[0, 2, 53, 54]",4,lda,time_series_by_class,3,5,30,0.9333333333333333,0.9333333333333333,0.07671458129307356,"[2.3897593468205143, 0.0, 0.0, 0.0]",0.5974398367051286,1.0292492729215519,final_score_5,114,114,
pr_Agency_EBCI,test,05_19 Darisy,01_calib,test/05_19 Darisy/01_calib,"MATRIX_[8, 12]_robust_concat_01_calib.hdf","C:\Users\hodor\Documents\lab-Shishkin\projects\BCI_classifier\data\pr_Agency_EBCI\features\csp\test\05_19 Darisy\MATRIX_[8, 12]_robust_concat_01_calib.hdf","[8, 12]","[-2, -1]","[54, 55]",2,lda,time_series_by_class,3,5,30,0.8333333333333334,0.8333333333333333,0.11173265925529646,"[0.0, 1.1301804154650092]",0.5650902077325046,0.9276381737251974,final_score_5,115,115,
pr_Agency_EBCI,test,05_19 Darisy,01_calib,test/05_19 Darisy/01_calib,"MATRIX_[8, 15]_robust_concat_01_calib.hdf","C:\Users\hodor\Documents\lab-Shishkin\projects\BCI_classifier\data\pr_Agency_EBCI\features\csp\test\05_19 Darisy\MATRIX_[8, 15]_robust_concat_01_calib.hdf","[8, 15]","[-2, -1]","[54, 55]",2,lda,time_series_by_class,3,5,30,0.8666666666666667,0.8666666666666667,0.13514364395704279,"[0.0, 1.1534144811953742]",0.5767072405976871,0.9208625011829702,final_score_5,116,116,
pr_Agency_EBCI,test,05_19 Darisy,01_calib,test/05_19 Darisy/01_calib,"MATRIX_[8, 12]_robust_concat_01_calib.hdf","C:\Users\hodor\Documents\lab-Shishkin\projects\BCI_classifier\data\pr_Agency_EBCI\features\csp\test\05_19 Darisy\MATRIX_[8, 12]_robust_concat_01_calib.hdf","[8, 12]","[-3, -1]","[53, 55]",2,lda,time_series_by_class,3,5,30,0.8333333333333334,0.8333333333333333,0.12386517004425145,"[0.0, 1.1301804154650092]",0.5650902077325046,0.9140565431092252,final_score_5,117,117,
pr_Agency_EBCI,test,05_19 Darisy,01_calib,test/05_19 Darisy/01_calib,"MATRIX_[8, 15]_robust_concat_01_calib.hdf","C:\Users\hodor\Documents\lab-Shishkin\projects\BCI_classifier\data\pr_Agency_EBCI\features\csp\test\05_19 Darisy\MATRIX_[8, 15]_robust_concat_01_calib.hdf","[8, 15]","[-3, -1]","[53, 55]",2,lda,time_series_by_class,3,5,30,0.7666666666666667,0.7666666666666666,0.1550915401411282,"[0.0, 1.1534144811953742]",0.5767072405976871,0.9015289698726113,final_score_5,118,118,
pr_Agency_EBCI,test,05_19 Darisy,01_calib,test/05_19 Darisy/01_calib,"MATRIX_[8, 15]_robust_concat_01_calib.hdf","C:\Users\hodor\Documents\lab-Shishkin\projects\BCI_classifier\data\pr_Agency_EBCI\features\csp\test\05_19 Darisy\MATRIX_[8, 15]_robust_concat_01_calib.hdf","[8, 15]","[1, -2, -1]","[1, 54, 55]",3,lda,time_series_by_class,3,5,30,0.8333333333333334,0.8333333333333333,0.14994201388326792,"[0.5652900157243982, 0.0, 1.1534144811953742]",0.5729014989732574,0.9003280303667489,final_score_5,119,119,
pr_Agency_EBCI,test,05_19 Darisy,01_calib,test/05_19 Darisy/01_calib,"MATRIX_[8, 12]_robust_concat_01_calib.hdf","C:\Users\hodor\Documents\lab-Shishkin\projects\BCI_classifier\data\pr_Agency_EBCI\features\csp\test\05_19 Darisy\MATRIX_[8, 12]_robust_concat_01_calib.hdf","[8, 12]","[2, -1]","[2, 55]",2,lda,time_series_by_class,3,5,30,0.8,0.8,0.14183079744102536,"[0.0, 1.1301804154650092]",0.5650902077325046,0.8957158926987618,final_score_5,120,120,
pr_Agency_EBCI,test,05_19 Darisy,01_calib,test/05_19 Darisy/01_calib,"MATRIX_[8, 15]_robust_concat_01_calib.hdf","C:\Users\hodor\Documents\lab-Shishkin\projects\BCI_classifier\data\pr_Agency_EBCI\features\csp\test\05_19 Darisy\MATRIX_[8, 15]_robust_concat_01_calib.hdf","[8, 15]","[1, -3, -1]","[1, 53, 55]",3,lda,time_series_by_class,3,5,30,0.8,0.8,0.16481320561730511,"[0.5652900157243982, 0.0, 1.1534144811953742]",0.5729014989732574,0.8869808635093319,final_score_5,121,121,
pr_Agency_EBCI,test,05_19 Darisy,01_calib,test/05_19 Darisy/01_calib,"MATRIX_[8, 12]_robust_concat_01_calib.hdf","C:\Users\hodor\Documents\lab-Shishkin\projects\BCI_classifier\data\pr_Agency_EBCI\features\csp\test\05_19 Darisy\MATRIX_[8, 12]_robust_concat_01_calib.hdf","[8, 12]","[1, 2, -2, -1]","[1, 2, 54, 55]",4,lda,time_series_by_class,3,5,30,0.9,0.9,0.08363528764857027,"[0.9420905312608264, 0.0, 0.0, 1.1301804154650092]",0.5180677366814589,0.8833732957861886,final_score_5,122,122,
pr_Agency_EBCI,test,05_19 Darisy,01_calib,test/05_19 Darisy/01_calib,"MATRIX_[8, 12]_robust_concat_01_calib.hdf","C:\Users\hodor\Documents\lab-Shishkin\projects\BCI_classifier\data\pr_Agency_EBCI\features\csp\test\05_19 Darisy\MATRIX_[8, 12]_robust_concat_01_calib.hdf","[8, 12]","[1, 2, -3, -1]","[1, 2, 53, 55]",4,lda,time_series_by_class,3,5,30,0.9,0.9,0.08507403552598831,"[0.9420905312608264, 0.0, 0.0, 1.1301804154650092]",0.5180677366814589,0.8815296252575794,final_score_5,123,123,
pr_Agency_EBCI,test,05_19 Darisy,01_calib,test/05_19 Darisy/01_calib,"MATRIX_[8, 12]_robust_concat_01_calib.hdf","C:\Users\hodor\Documents\lab-Shishkin\projects\BCI_classifier\data\pr_Agency_EBCI\features\csp\test\05_19 Darisy\MATRIX_[8, 12]_robust_concat_01_calib.hdf","[8, 12]","[1, -3, -2, -1]","[1, 53, 54, 55]",4,lda,time_series_by_class,3,5,30,0.8666666666666667,0.8666666666666667,0.10042013695596338,"[0.9420905312608264, 0.0, 0.0, 1.1301804154650092]",0.5180677366814589,0.8629632166787928,final_score_5,124,124,
pr_Agency_EBCI,test,05_19 Darisy,01_calib,test/05_19 Darisy/01_calib,"MATRIX_[8, 15]_robust_concat_01_calib.hdf","C:\Users\hodor\Documents\lab-Shishkin\projects\BCI_classifier\data\pr_Agency_EBCI\features\csp\test\05_19 Darisy\MATRIX_[8, 15]_robust_concat_01_calib.hdf","[8, 15]","[2, -2, -1]","[2, 54, 55]",3,lda,time_series_by_class,3,5,30,0.8333333333333334,0.8333333333333333,0.12576134110343598,"[0.412252147844441, 0.0, 1.1534144811953742]",0.5218888763466051,0.8423006689668318,final_score_5,125,125,
pr_Agency_EBCI,test,05_19 Darisy,01_calib,test/05_19 Darisy/01_calib,"MATRIX_[8, 15]_robust_concat_01_calib.hdf","C:\Users\hodor\Documents\lab-Shishkin\projects\BCI_classifier\data\pr_Agency_EBCI\features\csp\test\05_19 Darisy\MATRIX_[8, 15]_robust_concat_01_calib.hdf","[8, 15]","[1, 2, -2, -1]","[1, 2, 54, 55]",4,lda,time_series_by_class,3,5,30,0.8,0.8,0.150829947566677,"[0.5652900157243982, 0.412252147844441, 0.0, 1.1534144811953742]",0.5327391611910534,0.8364413764016313,final_score_5,126,126,
pr_Agency_EBCI,test,05_19 Darisy,01_calib,test/05_19 Darisy/01_calib,"MATRIX_[8, 15]_robust_concat_01_calib.hdf","C:\Users\hodor\Documents\lab-Shishkin\projects\BCI_classifier\data\pr_Agency_EBCI\features\csp\test\05_19 Darisy\MATRIX_[8, 15]_robust_concat_01_calib.hdf","[8, 15]","[2, -3, -1]","[2, 53, 55]",3,lda,time_series_by_class,3,5,30,0.8333333333333334,0.8333333333333333,0.15169102805294296,"[0.412252147844441, 0.0, 1.1534144811953742]",0.5218888763466051,0.8186771562387158,final_score_5,127,127,
pr_Agency_EBCI,test,05_19 Darisy,01_calib,test/05_19 Darisy/01_calib,"MATRIX_[9, 13]_robust_concat_01_calib.hdf","C:\Users\hodor\Documents\lab-Shishkin\projects\BCI_classifier\data\pr_Agency_EBCI\features\csp\test\05_19 Darisy\MATRIX_[9, 13]_robust_concat_01_calib.hdf","[9, 13]","[2, -2, -1]","[2, 54, 55]",3,lda,time_series_by_class,3,5,30,0.9,0.9,0.08745139312291574,"[0.0, 0.0, 1.4477713240343495]",0.4825904413447832,0.8183622990504267,final_score_5,128,128,
pr_Agency_EBCI,test,05_19 Darisy,01_calib,test/05_19 Darisy/01_calib,"MATRIX_[9, 13]_robust_concat_01_calib.hdf","C:\Users\hodor\Documents\lab-Shishkin\projects\BCI_classifier\data\pr_Agency_EBCI\features\csp\test\05_19 Darisy\MATRIX_[9, 13]_robust_concat_01_calib.hdf","[9, 13]","[1, 2, -2, -1]","[1, 2, 54, 55]",4,lda,time_series_by_class,3,5,30,0.8666666666666667,0.8666666666666667,0.10762262620650462,"[0.5354747097163108, 0.0, 0.0, 1.4477713240343495]",0.4958115084376651,0.8181619899687802,final_score_5,129,129,
pr_Agency_EBCI,test,05_19 Darisy,01_calib,test/05_19 Darisy/01_calib,"MATRIX_[9, 13]_robust_concat_01_calib.hdf","C:\Users\hodor\Documents\lab-Shishkin\projects\BCI_classifier\data\pr_Agency_EBCI\features\csp\test\05_19 Darisy\MATRIX_[9, 13]_robust_concat_01_calib.hdf","[9, 13]","[1, 2, -3, -1]","[1, 2, 53, 55]",4,lda,time_series_by_class,3,5,30,0.8333333333333334,0.8333333333333334,0.1095804902374436,"[0.5354747097163108, 0.0, 0.0, 1.4477713240343495]",0.4958115084376651,0.8161233653362604,final_score_5,130,130,
pr_Agency_EBCI,test,05_19 Darisy,01_calib,test/05_19 Darisy/01_calib,"MATRIX_[9, 13]_robust_concat_01_calib.hdf","C:\Users\hodor\Documents\lab-Shishkin\projects\BCI_classifier\data\pr_Agency_EBCI\features\csp\test\05_19 Darisy\MATRIX_[9, 13]_robust_concat_01_calib.hdf","[9, 13]","[1, -3, -2, -1]","[1, 53, 54, 55]",4,lda,time_series_by_class,3,5,30,0.8333333333333334,0.8333333333333333,0.11764902413339136,"[0.5354747097163108, 0.0, 0.0, 1.4477713240343495]",0.4958115084376651,0.8079871934033821,final_score_5,131,131,
pr_Agency_EBCI,test,05_19 Darisy,01_calib,test/05_19 Darisy/01_calib,"MATRIX_[8, 15]_robust_concat_01_calib.hdf","C:\Users\hodor\Documents\lab-Shishkin\projects\BCI_classifier\data\pr_Agency_EBCI\features\csp\test\05_19 Darisy\MATRIX_[8, 15]_robust_concat_01_calib.hdf","[8, 15]","[1, 2, -3, -1]","[1, 2, 53, 55]",4,lda,time_series_by_class,3,5,30,0.8,0.8,0.18892900744833865,"[0.5652900157243982, 0.412252147844441, 0.0, 1.1534144811953742]",0.5327391611910534,0.8066910398057217,final_score_5,132,132,
pr_Agency_EBCI,test,05_19 Darisy,01_calib,test/05_19 Darisy/01_calib,"MATRIX_[9, 13]_robust_concat_01_calib.hdf","C:\Users\hodor\Documents\lab-Shishkin\projects\BCI_classifier\data\pr_Agency_EBCI\features\csp\test\05_19 Darisy\MATRIX_[9, 13]_robust_concat_01_calib.hdf","[9, 13]","[2, -3, -1]","[2, 53, 55]",3,lda,time_series_by_class,3,5,30,0.8333333333333334,0.8333333333333334,0.11170410138875683,"[0.0, 0.0, 1.4477713240343495]",0.4825904413447832,0.7922369549419188,final_score_5,133,133,
pr_Agency_EBCI,test,05_19 Darisy,01_calib,test/05_19 Darisy/01_calib,"MATRIX_[9, 13]_robust_concat_01_calib.hdf","C:\Users\hodor\Documents\lab-Shishkin\projects\BCI_classifier\data\pr_Agency_EBCI\features\csp\test\05_19 Darisy\MATRIX_[9, 13]_robust_concat_01_calib.hdf","[9, 13]","[-3, -2, -1]","[53, 54, 55]",3,lda,time_series_by_class,3,5,30,0.9,0.9,0.11479212109095016,"[0.0, 0.0, 1.4477713240343495]",0.4825904413447832,0.789199412161656,final_score_5,134,134,
pr_Agency_EBCI,test,05_19 Darisy,01_calib,test/05_19 Darisy/01_calib,"MATRIX_[8, 15]_robust_concat_01_calib.hdf","C:\Users\hodor\Documents\lab-Shishkin\projects\BCI_classifier\data\pr_Agency_EBCI\features\csp\test\05_19 Darisy\MATRIX_[8, 15]_robust_concat_01_calib.hdf","[8, 15]","[1, 2]","[1, 2]",2,lda,time_series_by_class,3,5,30,0.8333333333333334,0.8333333333333333,0.145634414912839,"[0.5652900157243982, 0.412252147844441]",0.4887710817844196,0.7715965532628175,final_score_5,135,135,
pr_Agency_EBCI,test,05_19 Darisy,01_calib,test/05_19 Darisy/01_calib,"MATRIX_[8, 12]_robust_concat_01_calib.hdf","C:\Users\hodor\Documents\lab-Shishkin\projects\BCI_classifier\data\pr_Agency_EBCI\features\csp\test\05_19 Darisy\MATRIX_[8, 12]_robust_concat_01_calib.hdf","[8, 12]","[1, 2]","[1, 2]",2,lda,time_series_by_class,3,5,30,0.8,0.8,0.13151147491875492,"[0.9420905312608264, 0.0]",0.4710452656304132,0.7552256341958479,final_score_5,136,136,
pr_Agency_EBCI,test,05_19 Darisy,01_calib,test/05_19 Darisy/01_calib,"MATRIX_[8, 12]_robust_concat_01_calib.hdf","C:\Users\hodor\Documents\lab-Shishkin\projects\BCI_classifier\data\pr_Agency_EBCI\features\csp\test\05_19 Darisy\MATRIX_[8, 12]_robust_concat_01_calib.hdf","[8, 12]","[1, -3]","[1, 53]",2,lda,time_series_by_class,3,5,30,0.8333333333333334,0.8333333333333333,0.13624289790709568,"[0.9420905312608264, 0.0]",0.4710452656304132,0.7512268061550631,final_score_5,137,137,
pr_Agency_EBCI,test,05_19 Darisy,01_calib,test/05_19 Darisy/01_calib,"MATRIX_[8, 12]_robust_concat_01_calib.hdf","C:\Users\hodor\Documents\lab-Shishkin\projects\BCI_classifier\data\pr_Agency_EBCI\features\csp\test\05_19 Darisy\MATRIX_[8, 12]_robust_concat_01_calib.hdf","[8, 12]","[1, -2]","[1, 54]",2,lda,time_series_by_class,3,5,30,0.7333333333333333,0.7333333333333334,0.14677245589746063,"[0.9420905312608264, 0.0]",0.4710452656304132,0.7427192452787273,final_score_5,138,138,
pr_Agency_EBCI,test,05_19 Darisy,01_calib,test/05_19 Darisy/01_calib,"MATRIX_[8, 12]_robust_concat_01_calib.hdf","C:\Users\hodor\Documents\lab-Shishkin\projects\BCI_classifier\data\pr_Agency_EBCI\features\csp\test\05_19 Darisy\MATRIX_[8, 12]_robust_concat_01_calib.hdf","[8, 12]","[2, -2, -1]","[2, 54, 55]",3,lda,time_series_by_class,3,5,30,0.9,0.9,0.069316629864736,"[0.0, 0.0, 1.1301804154650092]",0.37672680515500306,0.6564917831619043,final_score_5,139,139,
pr_Agency_EBCI,test,05_19 Darisy,01_calib,test/05_19 Darisy/01_calib,"MATRIX_[8, 15]_robust_concat_01_calib.hdf","C:\Users\hodor\Documents\lab-Shishkin\projects\BCI_classifier\data\pr_Agency_EBCI\features\csp\test\05_19 Darisy\MATRIX_[8, 15]_robust_concat_01_calib.hdf","[8, 15]","[1, -3, -2, -1]","[1, 53, 54, 55]",4,lda,time_series_by_class,3,5,30,0.8,0.8,0.18204880777487395,"[0.5652900157243982, 0.0, 0.0, 1.1534144811953742]",0.42967612422994306,0.654608706395274,final_score_5,140,140,
pr_Agency_EBCI,test,05_19 Darisy,01_calib,test/05_19 Darisy/01_calib,"MATRIX_[8, 12]_robust_concat_01_calib.hdf","C:\Users\hodor\Documents\lab-Shishkin\projects\BCI_classifier\data\pr_Agency_EBCI\features\csp\test\05_19 Darisy\MATRIX_[8, 12]_robust_concat_01_calib.hdf","[8, 12]","[2, -3, -1]","[2, 53, 55]",3,lda,time_series_by_class,3,5,30,0.9,0.9,0.08793138129487413,"[0.0, 0.0, 1.1301804154650092]",0.37672680515500306,0.6384049893534753,final_score_5,141,141,
pr_Agency_EBCI,test,05_19 Darisy,01_calib,test/05_19 Darisy/01_calib,"MATRIX_[8, 12]_robust_concat_01_calib.hdf","C:\Users\hodor\Documents\lab-Shishkin\projects\BCI_classifier\data\pr_Agency_EBCI\features\csp\test\05_19 Darisy\MATRIX_[8, 12]_robust_concat_01_calib.hdf","[8, 12]","[-3, -2, -1]","[53, 54, 55]",3,lda,time_series_by_class,3,5,30,0.8666666666666667,0.8666666666666667,0.0941420173470932,"[0.0, 0.0, 1.1301804154650092]",0.37672680515500306,0.6328798080838286,final_score_5,142,142,
pr_Agency_EBCI,test,05_19 Darisy,01_calib,test/05_19 Darisy/01_calib,"MATRIX_[8, 15]_robust_concat_01_calib.hdf","C:\Users\hodor\Documents\lab-Shishkin\projects\BCI_classifier\data\pr_Agency_EBCI\features\csp\test\05_19 Darisy\MATRIX_[8, 15]_robust_concat_01_calib.hdf","[8, 15]","[2, -3, -2, -1]","[2, 53, 54, 55]",4,lda,time_series_by_class,3,5,30,0.8,0.8,0.15476049014675117,"[0.412252147844441, 0.0, 0.0, 1.1534144811953742]",0.3914166572599538,0.6120819613912224,final_score_5,143,143,
pr_Agency_EBCI,test,05_19 Darisy,01_calib,test/05_19 Darisy/01_calib,"MATRIX_[9, 13]_robust_concat_01_calib.hdf","C:\Users\hodor\Documents\lab-Shishkin\projects\BCI_classifier\data\pr_Agency_EBCI\features\csp\test\05_19 Darisy\MATRIX_[9, 13]_robust_concat_01_calib.hdf","[9, 13]","[2, -3, -2, -1]","[2, 53, 54, 55]",4,lda,time_series_by_class,3,5,30,0.9,0.9,0.09613054419738686,"[0.0, 0.0, 0.0, 1.4477713240343495]",0.3619428310085874,0.6063909894986708,final_score_5,144,144,
pr_Agency_EBCI,test,05_19 Darisy,01_calib,test/05_19 Darisy/01_calib,"MATRIX_[8, 15]_robust_concat_01_calib.hdf","C:\Users\hodor\Documents\lab-Shishkin\projects\BCI_classifier\data\pr_Agency_EBCI\features\csp\test\05_19 Darisy\MATRIX_[8, 15]_robust_concat_01_calib.hdf","[8, 15]","[-3, -2, -1]","[53, 54, 55]",3,lda,time_series_by_class,3,5,30,0.8333333333333334,0.8333333333333333,0.15760478917832932,"[0.0, 0.0, 1.1534144811953742]",0.3844714937317914,0.5994974136112169,final_score_5,145,145,
pr_Agency_EBCI,test,05_19 Darisy,01_calib,test/05_19 Darisy/01_calib,"MATRIX_[10, 14]_robust_concat_01_calib.hdf","C:\Users\hodor\Documents\lab-Shishkin\projects\BCI_classifier\data\pr_Agency_EBCI\features\csp\test\05_19 Darisy\MATRIX_[10, 14]_robust_concat_01_calib.hdf","[10, 14]","[1, -1]","[1, 55]",2,lda,time_series_by_class,3,5,30,0.9,0.9,0.07415531225328106,"[0.0, 0.6764790437405594]",0.3382395218702797,0.5849898175988512,final_score_5,146,146,
pr_Agency_EBCI,test,05_19 Darisy,01_calib,test/05_19 Darisy/01_calib,"MATRIX_[10, 14]_robust_concat_01_calib.hdf","C:\Users\hodor\Documents\lab-Shishkin\projects\BCI_classifier\data\pr_Agency_EBCI\features\csp\test\05_19 Darisy\MATRIX_[10, 14]_robust_concat_01_calib.hdf","[10, 14]","[2, -1]","[2, 55]",2,lda,time_series_by_class,3,5,30,0.8666666666666667,0.8666666666666667,0.11509212008384964,"[0.0, 0.6764790437405594]",0.3382395218702797,0.5529319881752259,final_score_5,147,147,
pr_Agency_EBCI,test,05_19 Darisy,01_calib,test/05_19 Darisy/01_calib,"MATRIX_[10, 14]_robust_concat_01_calib.hdf","C:\Users\hodor\Documents\lab-Shishkin\projects\BCI_classifier\data\pr_Agency_EBCI\features\csp\test\05_19 Darisy\MATRIX_[10, 14]_robust_concat_01_calib.hdf","[10, 14]","[-2, -1]","[54, 55]",2,lda,time_series_by_class,3,5,30,0.8666666666666667,0.8666666666666667,0.12923973327388008,"[0.0, 0.6764790437405594]",0.3382395218702797,0.5437065343155323,final_score_5,148,148,
pr_Agency_EBCI,test,05_19 Darisy,01_calib,test/05_19 Darisy/01_calib,"MATRIX_[10, 14]_robust_concat_01_calib.hdf","C:\Users\hodor\Documents\lab-Shishkin\projects\BCI_classifier\data\pr_Agency_EBCI\features\csp\test\05_19 Darisy\MATRIX_[10, 14]_robust_concat_01_calib.hdf","[10, 14]","[-3, -1]","[53, 55]",2,lda,time_series_by_class,3,5,30,0.8,0.8,0.13979907303670366,"[0.0, 0.6764790437405594]",0.3382395218702797,0.5373215963724338,final_score_5,149,149,
pr_Agency_EBCI,test,05_19 Darisy,01_calib,test/05_19 Darisy/01_calib,"MATRIX_[8, 12]_robust_concat_01_calib.hdf","C:\Users\hodor\Documents\lab-Shishkin\projects\BCI_classifier\data\pr_Agency_EBCI\features\csp\test\05_19 Darisy\MATRIX_[8, 12]_robust_concat_01_calib.hdf","[8, 12]","[1, 2, -3]","[1, 2, 53]",3,lda,time_series_by_class,3,5,30,0.8666666666666667,0.8666666666666667,0.09378052695932064,"[0.9420905312608264, 0.0, 0.0]",0.31403017708694214,0.5278157403012292,final_score_5,150,150,
pr_Agency_EBCI,test,05_19 Darisy,01_calib,test/05_19 Darisy/01_calib,"MATRIX_[8, 12]_robust_concat_01_calib.hdf","C:\Users\hodor\Documents\lab-Shishkin\projects\BCI_classifier\data\pr_Agency_EBCI\features\csp\test\05_19 Darisy\MATRIX_[8, 12]_robust_concat_01_calib.hdf","[8, 12]","[1, 2, -2]","[1, 2, 54]",3,lda,time_series_by_class,3,5,30,0.8333333333333334,0.8333333333333334,0.10333198389190718,"[0.9420905312608264, 0.0, 0.0]",0.31403017708694214,0.5210839622221406,final_score_5,151,151,
pr_Agency_EBCI,test,05_19 Darisy,01_calib,test/05_19 Darisy/01_calib,"MATRIX_[8, 15]_robust_concat_01_calib.hdf","C:\Users\hodor\Documents\lab-Shishkin\projects\BCI_classifier\data\pr_Agency_EBCI\features\csp\test\05_19 Darisy\MATRIX_[8, 15]_robust_concat_01_calib.hdf","[8, 15]","[1, 2, -2]","[1, 2, 54]",3,lda,time_series_by_class,3,5,30,0.8666666666666667,0.8666666666666667,0.1351787947045797,"[0.5652900157243982, 0.412252147844441, 0.0]",0.3258473878562797,0.5202793704305207,final_score_5,152,152,
pr_Agency_EBCI,test,05_19 Darisy,01_calib,test/05_19 Darisy/01_calib,"MATRIX_[8, 12]_robust_concat_01_calib.hdf","C:\Users\hodor\Documents\lab-Shishkin\projects\BCI_classifier\data\pr_Agency_EBCI\features\csp\test\05_19 Darisy\MATRIX_[8, 12]_robust_concat_01_calib.hdf","[8, 12]","[1, -3, -2]","[1, 53, 54]",3,lda,time_series_by_class,3,5,30,0.8333333333333334,0.8333333333333333,0.13250064043363108,"[0.9420905312608264, 0.0, 0.0]",0.31403017708694214,0.5029201453452886,final_score_5,153,153,
pr_Agency_EBCI,test,05_19 Darisy,01_calib,test/05_19 Darisy/01_calib,"MATRIX_[8, 12]_robust_concat_01_calib.hdf","C:\Users\hodor\Documents\lab-Shishkin\projects\BCI_classifier\data\pr_Agency_EBCI\features\csp\test\05_19 Darisy\MATRIX_[8, 12]_robust_concat_01_calib.hdf","[8, 12]","[2, -3, -2, -1]","[2, 53, 54, 55]",4,lda,time_series_by_class,3,5,30,0.9333333333333333,0.9333333333333333,0.06003664973762199,"[0.0, 0.0, 0.0, 1.1301804154650092]",0.2825451038662523,0.49985685907563643,final_score_5,154,154,
pr_Agency_EBCI,test,05_19 Darisy,01_calib,test/05_19 Darisy/01_calib,"MATRIX_[8, 15]_robust_concat_01_calib.hdf","C:\Users\hodor\Documents\lab-Shishkin\projects\BCI_classifier\data\pr_Agency_EBCI\features\csp\test\05_19 Darisy\MATRIX_[8, 15]_robust_concat_01_calib.hdf","[8, 15]","[1, 2, -3]","[1, 2, 53]",3,lda,time_series_by_class,3,5,30,0.8,0.8,0.18886864496024897,"[0.5652900157243982, 0.412252147844441, 0.0]",0.3258473878562797,0.49343476836600864,final_score_5,155,155,
pr_Agency_EBCI,test,05_19 Darisy,01_calib,test/05_19 Darisy/01_calib,"MATRIX_[8, 15]_robust_concat_01_calib.hdf","C:\Users\hodor\Documents\lab-Shishkin\projects\BCI_classifier\data\pr_Agency_EBCI\features\csp\test\05_19 Darisy\MATRIX_[8, 15]_robust_concat_01_calib.hdf","[8, 15]","[1, -2]","[1, 54]",2,lda,time_series_by_class,3,5,30,0.8333333333333334,0.8333333333333333,0.1359221979817067,"[0.5652900157243982, 0.0]",0.2826450078621991,0.4509250498245293,final_score_5,156,156,
pr_Agency_EBCI,test,05_19 Darisy,01_calib,test/05_19 Darisy/01_calib,"MATRIX_[9, 13]_robust_concat_01_calib.hdf","C:\Users\hodor\Documents\lab-Shishkin\projects\BCI_classifier\data\pr_Agency_EBCI\features\csp\test\05_19 Darisy\MATRIX_[9, 13]_robust_concat_01_calib.hdf","[9, 13]","[1, -3]","[1, 53]",2,lda,time_series_by_class,3,5,30,0.8333333333333334,0.8333333333333333,0.11498555171293495,"[0.5354747097163108, 0.0]",0.2677373548581554,0.43773712367432027,final_score_5,157,157,
pr_Agency_EBCI,test,05_19 Darisy,01_calib,test/05_19 Darisy/01_calib,"MATRIX_[8, 15]_robust_concat_01_calib.hdf","C:\Users\hodor\Documents\lab-Shishkin\projects\BCI_classifier\data\pr_Agency_EBCI\features\csp\test\05_19 Darisy\MATRIX_[8, 15]_robust_concat_01_calib.hdf","[8, 15]","[1, -3]","[1, 53]",2,lda,time_series_by_class,3,5,30,0.8,0.8,0.17637448140995268,"[0.5652900157243982, 0.0]",0.2826450078621991,0.4328385102502305,final_score_5,158,158,
pr_Agency_EBCI,test,05_19 Darisy,01_calib,test/05_19 Darisy/01_calib,"MATRIX_[9, 13]_robust_concat_01_calib.hdf","C:\Users\hodor\Documents\lab-Shishkin\projects\BCI_classifier\data\pr_Agency_EBCI\features\csp\test\05_19 Darisy\MATRIX_[9, 13]_robust_concat_01_calib.hdf","[9, 13]","[1, 2]","[1, 2]",2,lda,time_series_by_class,3,5,30,0.8666666666666667,0.8666666666666667,0.13118545120885508,"[0.5354747097163108, 0.0]",0.2677373548581554,0.42942160389801587,final_score_5,159,159,
pr_Agency_EBCI,test,05_19 Darisy,01_calib,test/05_19 Darisy/01_calib,"MATRIX_[9, 13]_robust_concat_01_calib.hdf","C:\Users\hodor\Documents\lab-Shishkin\projects\BCI_classifier\data\pr_Agency_EBCI\features\csp\test\05_19 Darisy\MATRIX_[9, 13]_robust_concat_01_calib.hdf","[9, 13]","[1, -2]","[1, 54]",2,lda,time_series_by_class,3,5,30,0.8,0.8,0.14844052038676672,"[0.5354747097163108, 0.0]",0.2677373548581554,0.42141486318064825,final_score_5,160,160,
pr_Agency_EBCI,test,05_19 Darisy,01_calib,test/05_19 Darisy/01_calib,"MATRIX_[8, 12]_robust_concat_01_calib.hdf","C:\Users\hodor\Documents\lab-Shishkin\projects\BCI_classifier\data\pr_Agency_EBCI\features\csp\test\05_19 Darisy\MATRIX_[8, 12]_robust_concat_01_calib.hdf","[8, 12]","[1, 2, -3, -2]","[1, 2, 53, 54]",4,lda,time_series_by_class,3,5,30,0.9,0.9,0.07760897088902784,"[0.9420905312608264, 0.0, 0.0, 0.0]",0.2355226328152066,0.40520204343436494,final_score_5,161,161,
pr_Agency_EBCI,test,05_19 Darisy,01_calib,test/05_19 Darisy/01_calib,"MATRIX_[10, 14]_robust_concat_01_calib.hdf","C:\Users\hodor\Documents\lab-Shishkin\projects\BCI_classifier\data\pr_Agency_EBCI\features\csp\test\05_19 Darisy\MATRIX_[10, 14]_robust_concat_01_calib.hdf","[10, 14]","[1, 2, -1]","[1, 2, 55]",3,lda,time_series_by_class,3,5,30,0.9333333333333333,0.9333333333333333,0.07709971267757809,"[0.0, 0.0, 0.6764790437405594]",0.22549301458018647,0.38824526892305616,final_score_5,162,162,
pr_Agency_EBCI,test,05_19 Darisy,01_calib,test/05_19 Darisy/01_calib,"MATRIX_[10, 14]_robust_concat_01_calib.hdf","C:\Users\hodor\Documents\lab-Shishkin\projects\BCI_classifier\data\pr_Agency_EBCI\features\csp\test\05_19 Darisy\MATRIX_[10, 14]_robust_concat_01_calib.hdf","[10, 14]","[1, -3, -1]","[1, 53, 55]",3,lda,time_series_by_class,3,5,30,0.9,0.9,0.0897477182845164,"[0.0, 0.0, 0.6764790437405594]",0.22549301458018647,0.3811408422250376,final_score_5,163,163,
pr_Agency_EBCI,test,05_19 Darisy,01_calib,test/05_19 Darisy/01_calib,"MATRIX_[10, 14]_robust_concat_01_calib.hdf","C:\Users\hodor\Documents\lab-Shishkin\projects\BCI_classifier\data\pr_Agency_EBCI\features\csp\test\05_19 Darisy\MATRIX_[10, 14]_robust_concat_01_calib.hdf","[10, 14]","[1, -2, -1]","[1, 54, 55]",3,lda,time_series_by_class,3,5,30,0.9,0.9,0.09812578976277674,"[0.0, 0.0, 0.6764790437405594]",0.22549301458018647,0.3767667536012988,final_score_5,164,164,
pr_Agency_EBCI,test,05_19 Darisy,01_calib,test/05_19 Darisy/01_calib,"MATRIX_[8, 15]_robust_concat_01_calib.hdf","C:\Users\hodor\Documents\lab-Shishkin\projects\BCI_classifier\data\pr_Agency_EBCI\features\csp\test\05_19 Darisy\MATRIX_[8, 15]_robust_concat_01_calib.hdf","[8, 15]","[1, 2, -3, -2]","[1, 2, 53, 54]",4,lda,time_series_by_class,3,5,30,0.8,0.8,0.19193634871407805,"[0.5652900157243982, 0.412252147844441, 0.0, 0.0]",0.2443855408922098,0.3690922906968786,final_score_5,165,165,
pr_Agency_EBCI,test,05_19 Darisy,01_calib,test/05_19 Darisy/01_calib,"MATRIX_[10, 14]_robust_concat_01_calib.hdf","C:\Users\hodor\Documents\lab-Shishkin\projects\BCI_classifier\data\pr_Agency_EBCI\features\csp\test\05_19 Darisy\MATRIX_[10, 14]_robust_concat_01_calib.hdf","[10, 14]","[2, -2, -1]","[2, 54, 55]",3,lda,time_series_by_class,3,5,30,0.8333333333333334,0.8333333333333333,0.13033154955535983,"[0.0, 0.0, 0.6764790437405594]",0.22549301458018647,0.3620182813212589,final_score_5,166,166,
pr_Agency_EBCI,test,05_19 Darisy,01_calib,test/05_19 Darisy/01_calib,"MATRIX_[10, 14]_robust_concat_01_calib.hdf","C:\Users\hodor\Documents\lab-Shishkin\projects\BCI_classifier\data\pr_Agency_EBCI\features\csp\test\05_19 Darisy\MATRIX_[10, 14]_robust_concat_01_calib.hdf","[10, 14]","[2, -3, -1]","[2, 53, 55]",3,lda,time_series_by_class,3,5,30,0.8333333333333334,0.8333333333333333,0.13067854177801083,"[0.0, 0.0, 0.6764790437405594]",0.22549301458018647,0.36187502072291533,final_score_5,167,167,
pr_Agency_EBCI,test,05_19 Darisy,01_calib,test/05_19 Darisy/01_calib,"MATRIX_[10, 14]_robust_concat_01_calib.hdf","C:\Users\hodor\Documents\lab-Shishkin\projects\BCI_classifier\data\pr_Agency_EBCI\features\csp\test\05_19 Darisy\MATRIX_[10, 14]_robust_concat_01_calib.hdf","[10, 14]","[-3, -2, -1]","[53, 54, 55]",3,lda,time_series_by_class,3,5,30,0.8,0.8,0.13855805584635766,"[0.0, 0.0, 0.6764790437405594]",0.22549301458018647,0.3587009006052163,final_score_5,168,168,
pr_Agency_EBCI,test,05_19 Darisy,01_calib,test/05_19 Darisy/01_calib,"MATRIX_[8, 15]_robust_concat_01_calib.hdf","C:\Users\hodor\Documents\lab-Shishkin\projects\BCI_classifier\data\pr_Agency_EBCI\features\csp\test\05_19 Darisy\MATRIX_[8, 15]_robust_concat_01_calib.hdf","[8, 15]","[2, -2]","[2, 54]",2,lda,time_series_by_class,3,5,30,0.8333333333333334,0.8333333333333333,0.13756049493487868,"[0.412252147844441, 0.0]",0.2061260739222205,0.3282529679250189,final_score_5,169,169,
pr_Agency_EBCI,test,05_19 Darisy,01_calib,test/05_19 Darisy/01_calib,"MATRIX_[8, 15]_robust_concat_01_calib.hdf","C:\Users\hodor\Documents\lab-Shishkin\projects\BCI_classifier\data\pr_Agency_EBCI\features\csp\test\05_19 Darisy\MATRIX_[8, 15]_robust_concat_01_calib.hdf","[8, 15]","[2, -3]","[2, 53]",2,lda,time_series_by_class,3,5,30,0.7666666666666667,0.7666666666666666,0.1812497974078222,"[0.412252147844441, 0.0]",0.2061260739222205,0.3142578422923045,final_score_5,170,170,
pr_Agency_EBCI,test,05_19 Darisy,01_calib,test/05_19 Darisy/01_calib,"MATRIX_[9, 13]_robust_concat_01_calib.hdf","C:\Users\hodor\Documents\lab-Shishkin\projects\BCI_classifier\data\pr_Agency_EBCI\features\csp\test\05_19 Darisy\MATRIX_[9, 13]_robust_concat_01_calib.hdf","[9, 13]","[1, 2, -2]","[1, 2, 54]",3,lda,time_series_by_class,3,5,30,0.8,0.8,0.11498722458498227,"[0.5354747097163108, 0.0, 0.0]",0.17849156990543694,0.29182414721273064,final_score_5,171,171,
pr_Agency_EBCI,test,05_19 Darisy,01_calib,test/05_19 Darisy/01_calib,"MATRIX_[9, 13]_robust_concat_01_calib.hdf","C:\Users\hodor\Documents\lab-Shishkin\projects\BCI_classifier\data\pr_Agency_EBCI\features\csp\test\05_19 Darisy\MATRIX_[9, 13]_robust_concat_01_calib.hdf","[9, 13]","[1, 2, -3]","[1, 2, 53]",3,lda,time_series_by_class,3,5,30,0.8666666666666667,0.8666666666666667,0.11504715147823091,"[0.5354747097163108, 0.0, 0.0]",0.17849156990543694,0.2918025895848327,final_score_5,172,172,
pr_Agency_EBCI,test,05_19 Darisy,01_calib,test/05_19 Darisy/01_calib,"MATRIX_[9, 13]_robust_concat_01_calib.hdf","C:\Users\hodor\Documents\lab-Shishkin\projects\BCI_classifier\data\pr_Agency_EBCI\features\csp\test\05_19 Darisy\MATRIX_[9, 13]_robust_concat_01_calib.hdf","[9, 13]","[1, -3, -2]","[1, 53, 54]",3,lda,time_series_by_class,3,5,30,0.8666666666666667,0.8666666666666667,0.1296764490429542,"[0.5354747097163108, 0.0, 0.0]",0.17849156990543694,0.2867744456908291,final_score_5,173,173,
pr_Agency_EBCI,test,05_19 Darisy,01_calib,test/05_19 Darisy/01_calib,"MATRIX_[10, 14]_robust_concat_01_calib.hdf","C:\Users\hodor\Documents\lab-Shishkin\projects\BCI_classifier\data\pr_Agency_EBCI\features\csp\test\05_19 Darisy\MATRIX_[10, 14]_robust_concat_01_calib.hdf","[10, 14]","[1, 2, -3, -1]","[1, 2, 53, 55]",4,lda,time_series_by_class,3,5,30,0.9,0.9,0.08800672014492697,"[0.0, 0.0, 0.0, 0.6764790437405594]",0.16911976093513986,0.2865612990006667,final_score_5,174,174,
pr_Agency_EBCI,test,05_19 Darisy,01_calib,test/05_19 Darisy/01_calib,"MATRIX_[10, 14]_robust_concat_01_calib.hdf","C:\Users\hodor\Documents\lab-Shishkin\projects\BCI_classifier\data\pr_Agency_EBCI\features\csp\test\05_19 Darisy\MATRIX_[10, 14]_robust_concat_01_calib.hdf","[10, 14]","[1, -3, -2, -1]","[1, 53, 54, 55]",4,lda,time_series_by_class,3,5,30,0.9,0.9,0.08824138643967502,"[0.0, 0.0, 0.0, 0.6764790437405594]",0.16911976093513986,0.28646568618486756,final_score_5,175,175,
pr_Agency_EBCI,test,05_19 Darisy,01_calib,test/05_19 Darisy/01_calib,"MATRIX_[8, 15]_robust_concat_01_calib.hdf","C:\Users\hodor\Documents\lab-Shishkin\projects\BCI_classifier\data\pr_Agency_EBCI\features\csp\test\05_19 Darisy\MATRIX_[8, 15]_robust_concat_01_calib.hdf","[8, 15]","[1, -3, -2]","[1, 53, 54]",3,lda,time_series_by_class,3,5,30,0.7666666666666667,0.7666666666666666,0.19090652515500495,"[0.5652900157243982, 0.0, 0.0]",0.18843000524146605,0.2848366872055231,final_score_5,176,176,
pr_Agency_EBCI,test,05_19 Darisy,01_calib,test/05_19 Darisy/01_calib,"MATRIX_[10, 14]_robust_concat_01_calib.hdf","C:\Users\hodor\Documents\lab-Shishkin\projects\BCI_classifier\data\pr_Agency_EBCI\features\csp\test\05_19 Darisy\MATRIX_[10, 14]_robust_concat_01_calib.hdf","[10, 14]","[1, 2, -2, -1]","[1, 2, 54, 55]",4,lda,time_series_by_class,3,5,30,0.9,0.9,0.09830603002630654,"[0.0, 0.0, 0.0, 0.6764790437405594]",0.16911976093513986,0.28250651407601723,final_score_5,177,177,
pr_Agency_EBCI,test,05_19 Darisy,01_calib,test/05_19 Darisy/01_calib,"MATRIX_[10, 14]_robust_concat_01_calib.hdf","C:\Users\hodor\Documents\lab-Shishkin\projects\BCI_classifier\data\pr_Agency_EBCI\features\csp\test\05_19 Darisy\MATRIX_[10, 14]_robust_concat_01_calib.hdf","[10, 14]","[2, -3, -2, -1]","[2, 53, 54, 55]",4,lda,time_series_by_class,3,5,30,0.8333333333333334,0.8333333333333333,0.13825682550469773,"[0.0, 0.0, 0.0, 0.6764790437405594]",0.16911976093513986,0.26911464540365215,final_score_5,178,178,
pr_Agency_EBCI,test,05_19 Darisy,01_calib,test/05_19 Darisy/01_calib,"MATRIX_[9, 13]_robust_concat_01_calib.hdf","C:\Users\hodor\Documents\lab-Shishkin\projects\BCI_classifier\data\pr_Agency_EBCI\features\csp\test\05_19 Darisy\MATRIX_[9, 13]_robust_concat_01_calib.hdf","[9, 13]","[1, 2, -3, -2]","[1, 2, 53, 54]",4,lda,time_series_by_class,3,5,30,0.9,0.9,0.0943180992592078,"[0.5354747097163108, 0.0, 0.0, 0.0]",0.1338686774290777,0.22483737950076288,final_score_5,179,179,
pr_Agency_EBCI,test,05_19 Darisy,01_calib,test/05_19 Darisy/01_calib,"MATRIX_[8, 15]_robust_concat_01_calib.hdf","C:\Users\hodor\Documents\lab-Shishkin\projects\BCI_classifier\data\pr_Agency_EBCI\features\csp\test\05_19 Darisy\MATRIX_[8, 15]_robust_concat_01_calib.hdf","[8, 15]","[2, -3, -2]","[2, 53, 54]",3,lda,time_series_by_class,3,5,30,0.8,0.8,0.17097213093185695,"[0.412252147844441, 0.0, 0.0]",0.13741738261481365,0.2115023993354123,final_score_5,180,180,
pr_Agency_EBCI,test,05_19 Darisy,01_calib,test/05_19 Darisy/01_calib,"MATRIX_[10, 14]_robust_concat_01_calib.hdf","C:\Users\hodor\Documents\lab-Shishkin\projects\BCI_classifier\data\pr_Agency_EBCI\features\csp\test\05_19 Darisy\MATRIX_[10, 14]_robust_concat_01_calib.hdf","[10, 14]","[1, -3, -2]","[1, 53, 54]",3,lda,time_series_by_class,3,5,30,0.9333333333333333,0.9333333333333333,0.060778605210964405,"[0.0, 0.0, 0.0]",0.0,0.0,final_score_5,181,181,
pr_Agency_EBCI,test,05_19 Darisy,01_calib,test/05_19 Darisy/01_calib,"MATRIX_[8, 12]_robust_concat_01_calib.hdf","C:\Users\hodor\Documents\lab-Shishkin\projects\BCI_classifier\data\pr_Agency_EBCI\features\csp\test\05_19 Darisy\MATRIX_[8, 12]_robust_concat_01_calib.hdf","[8, 12]","[2, -3, -2]","[2, 53, 54]",3,lda,time_series_by_class,3,5,30,0.9,0.9,0.06411721171265848,"[0.0, 0.0, 0.0]",0.0,0.0,final_score_5,182,182,
pr_Agency_EBCI,test,05_19 Darisy,01_calib,test/05_19 Darisy/01_calib,"MATRIX_[8, 12]_robust_concat_01_calib.hdf","C:\Users\hodor\Documents\lab-Shishkin\projects\BCI_classifier\data\pr_Agency_EBCI\features\csp\test\05_19 Darisy\MATRIX_[8, 12]_robust_concat_01_calib.hdf","[8, 12]","[2, -2]","[2, 54]",2,lda,time_series_by_class,3,5,30,0.9,0.9,0.07540407455318877,"[0.0, 0.0]",0.0,0.0,final_score_5,183,183,
pr_Agency_EBCI,test,05_19 Darisy,01_calib,test/05_19 Darisy/01_calib,"MATRIX_[10, 14]_robust_concat_01_calib.hdf","C:\Users\hodor\Documents\lab-Shishkin\projects\BCI_classifier\data\pr_Agency_EBCI\features\csp\test\05_19 Darisy\MATRIX_[10, 14]_robust_concat_01_calib.hdf","[10, 14]","[1, -3]","[1, 53]",2,lda,time_series_by_class,3,5,30,0.9,0.9,0.08185872705491928,"[0.0, 0.0]",0.0,0.0,final_score_5,184,184,
pr_Agency_EBCI,test,05_19 Darisy,01_calib,test/05_19 Darisy/01_calib,"MATRIX_[10, 14]_robust_concat_01_calib.hdf","C:\Users\hodor\Documents\lab-Shishkin\projects\BCI_classifier\data\pr_Agency_EBCI\features\csp\test\05_19 Darisy\MATRIX_[10, 14]_robust_concat_01_calib.hdf","[10, 14]","[1, -2]","[1, 54]",2,lda,time_series_by_class,3,5,30,0.9,0.9,0.09537247488166484,"[0.0, 0.0]",0.0,0.0,final_score_5,185,185,
pr_Agency_EBCI,test,05_19 Darisy,01_calib,test/05_19 Darisy/01_calib,"MATRIX_[10, 14]_robust_concat_01_calib.hdf","C:\Users\hodor\Documents\lab-Shishkin\projects\BCI_classifier\data\pr_Agency_EBCI\features\csp\test\05_19 Darisy\MATRIX_[10, 14]_robust_concat_01_calib.hdf","[10, 14]","[1, 2, -2]","[1, 2, 54]",3,lda,time_series_by_class,3,5,30,0.9,0.9,0.0967311616501429,"[0.0, 0.0, 0.0]",0.0,0.0,final_score_5,186,186,
pr_Agency_EBCI,test,05_19 Darisy,01_calib,test/05_19 Darisy/01_calib,"MATRIX_[8, 12]_robust_concat_01_calib.hdf","C:\Users\hodor\Documents\lab-Shishkin\projects\BCI_classifier\data\pr_Agency_EBCI\features\csp\test\05_19 Darisy\MATRIX_[8, 12]_robust_concat_01_calib.hdf","[8, 12]","[2, -3]","[2, 53]",2,lda,time_series_by_class,3,5,30,0.9,0.9,0.10162578907128283,"[0.0, 0.0]",0.0,0.0,final_score_5,187,187,
pr_Agency_EBCI,test,05_19 Darisy,01_calib,test/05_19 Darisy/01_calib,"MATRIX_[9, 13]_robust_concat_01_calib.hdf","C:\Users\hodor\Documents\lab-Shishkin\projects\BCI_classifier\data\pr_Agency_EBCI\features\csp\test\05_19 Darisy\MATRIX_[9, 13]_robust_concat_01_calib.hdf","[9, 13]","[2, -3]","[2, 53]",2,lda,time_series_by_class,3,5,30,0.9,0.9,0.11193395530130619,"[0.0, 0.0]",0.0,0.0,final_score_5,188,188,
pr_Agency_EBCI,test,05_19 Darisy,01_calib,test/05_19 Darisy/01_calib,"MATRIX_[10, 14]_robust_concat_01_calib.hdf","C:\Users\hodor\Documents\lab-Shishkin\projects\BCI_classifier\data\pr_Agency_EBCI\features\csp\test\05_19 Darisy\MATRIX_[10, 14]_robust_concat_01_calib.hdf","[10, 14]","[1, 2, -3, -2]","[1, 2, 53, 54]",4,lda,time_series_by_class,3,5,30,0.8666666666666667,0.8666666666666667,0.0726274334154284,"[0.0, 0.0, 0.0, 0.0]",0.0,0.0,final_score_5,189,189,
pr_Agency_EBCI,test,05_19 Darisy,01_calib,test/05_19 Darisy/01_calib,"MATRIX_[9, 13]_robust_concat_01_calib.hdf","C:\Users\hodor\Documents\lab-Shishkin\projects\BCI_classifier\data\pr_Agency_EBCI\features\csp\test\05_19 Darisy\MATRIX_[9, 13]_robust_concat_01_calib.hdf","[9, 13]","[2, -3, -2]","[2, 53, 54]",3,lda,time_series_by_class,3,5,30,0.8666666666666667,0.8666666666666667,0.08229075597651365,"[0.0, 0.0, 0.0]",0.0,0.0,final_score_5,190,190,
pr_Agency_EBCI,test,05_19 Darisy,01_calib,test/05_19 Darisy/01_calib,"MATRIX_[10, 14]_robust_concat_01_calib.hdf","C:\Users\hodor\Documents\lab-Shishkin\projects\BCI_classifier\data\pr_Agency_EBCI\features\csp\test\05_19 Darisy\MATRIX_[10, 14]_robust_concat_01_calib.hdf","[10, 14]","[1, 2, -3]","[1, 2, 53]",3,lda,time_series_by_class,3,5,30,0.8666666666666667,0.8666666666666667,0.09179318571451858,"[0.0, 0.0, 0.0]",0.0,0.0,final_score_5,191,191,
pr_Agency_EBCI,test,05_19 Darisy,01_calib,test/05_19 Darisy/01_calib,"MATRIX_[9, 13]_robust_concat_01_calib.hdf","C:\Users\hodor\Documents\lab-Shishkin\projects\BCI_classifier\data\pr_Agency_EBCI\features\csp\test\05_19 Darisy\MATRIX_[9, 13]_robust_concat_01_calib.hdf","[9, 13]","[2, -2]","[2, 54]",2,lda,time_series_by_class,3,5,30,0.8666666666666667,0.8666666666666667,0.12058963720275928,"[0.0, 0.0]",0.0,0.0,final_score_5,192,192,
pr_Agency_EBCI,test,05_19 Darisy,01_calib,test/05_19 Darisy/01_calib,"MATRIX_[10, 14]_robust_concat_01_calib.hdf","C:\Users\hodor\Documents\lab-Shishkin\projects\BCI_classifier\data\pr_Agency_EBCI\features\csp\test\05_19 Darisy\MATRIX_[10, 14]_robust_concat_01_calib.hdf","[10, 14]","[2, -2]","[2, 54]",2,lda,time_series_by_class,3,5,30,0.8666666666666667,0.8666666666666667,0.13947554113018232,"[0.0, 0.0]",0.0,0.0,final_score_5,193,193,
pr_Agency_EBCI,test,05_19 Darisy,01_calib,test/05_19 Darisy/01_calib,"MATRIX_[10, 14]_robust_concat_01_calib.hdf","C:\Users\hodor\Documents\lab-Shishkin\projects\BCI_classifier\data\pr_Agency_EBCI\features\csp\test\05_19 Darisy\MATRIX_[10, 14]_robust_concat_01_calib.hdf","[10, 14]","[-3, -2]","[53, 54]",2,lda,time_series_by_class,3,5,30,0.8333333333333334,0.8333333333333333,0.1163348021719612,"[0.0, 0.0]",0.0,0.0,final_score_5,194,194,
pr_Agency_EBCI,test,05_19 Darisy,01_calib,test/05_19 Darisy/01_calib,"MATRIX_[10, 14]_robust_concat_01_calib.hdf","C:\Users\hodor\Documents\lab-Shishkin\projects\BCI_classifier\data\pr_Agency_EBCI\features\csp\test\05_19 Darisy\MATRIX_[10, 14]_robust_concat_01_calib.hdf","[10, 14]","[2, -3, -2]","[2, 53, 54]",3,lda,time_series_by_class,3,5,30,0.8333333333333334,0.8333333333333333,0.12193529476343785,"[0.0, 0.0, 0.0]",0.0,0.0,final_score_5,195,195,
pr_Agency_EBCI,test,05_19 Darisy,01_calib,test/05_19 Darisy/01_calib,"MATRIX_[10, 14]_robust_concat_01_calib.hdf","C:\Users\hodor\Documents\lab-Shishkin\projects\BCI_classifier\data\pr_Agency_EBCI\features\csp\test\05_19 Darisy\MATRIX_[10, 14]_robust_concat_01_calib.hdf","[10, 14]","[2, -3]","[2, 53]",2,lda,time_series_by_class,3,5,30,0.8333333333333334,0.8333333333333333,0.1335973997446933,"[0.0, 0.0]",0.0,0.0,final_score_5,196,196,
pr_Agency_EBCI,test,05_19 Darisy,01_calib,test/05_19 Darisy/01_calib,"MATRIX_[8, 12]_robust_concat_01_calib.hdf","C:\Users\hodor\Documents\lab-Shishkin\projects\BCI_classifier\data\pr_Agency_EBCI\features\csp\test\05_19 Darisy\MATRIX_[8, 12]_robust_concat_01_calib.hdf","[8, 12]","[-3, -2]","[53, 54]",2,lda,time_series_by_class,3,5,30,0.8333333333333334,0.8333333333333333,0.13445328106349674,"[0.0, 0.0]",0.0,0.0,final_score_5,197,197,
pr_Agency_EBCI,test,05_19 Darisy,01_calib,test/05_19 Darisy/01_calib,"MATRIX_[10, 14]_robust_concat_01_calib.hdf","C:\Users\hodor\Documents\lab-Shishkin\projects\BCI_classifier\data\pr_Agency_EBCI\features\csp\test\05_19 Darisy\MATRIX_[10, 14]_robust_concat_01_calib.hdf","[10, 14]","[1, 2]","[1, 2]",2,lda,time_series_by_class,3,5,30,0.8,0.8,0.09758033137882591,"[0.0, 0.0]",0.0,0.0,final_score_5,198,198,
pr_Agency_EBCI,test,05_19 Darisy,01_calib,test/05_19 Darisy/01_calib,"MATRIX_[9, 13]_robust_concat_01_calib.hdf","C:\Users\hodor\Documents\lab-Shishkin\projects\BCI_classifier\data\pr_Agency_EBCI\features\csp\test\05_19 Darisy\MATRIX_[9, 13]_robust_concat_01_calib.hdf","[9, 13]","[-3, -2]","[53, 54]",2,lda,time_series_by_class,3,5,30,0.7666666666666667,0.7666666666666666,0.13264786937956033,"[0.0, 0.0]",0.0,0.0,final_score_5,199,199,
pr_Agency_EBCI,test,05_19 Darisy,01_calib,test/05_19 Darisy/01_calib,"MATRIX_[8, 15]_robust_concat_01_calib.hdf","C:\Users\hodor\Documents\lab-Shishkin\projects\BCI_classifier\data\pr_Agency_EBCI\features\csp\test\05_19 Darisy\MATRIX_[8, 15]_robust_concat_01_calib.hdf","[8, 15]","[-3, -2]","[53, 54]",2,lda,time_series_by_class,3,5,30,0.7333333333333333,0.7333333333333334,0.1959305240791112,"[0.0, 0.0]",0.0,0.0,final_score_5,200,200,
