project,stage,subject,record,matrix,band,component,component_1based,selected_order,edge_group,eigenvalue,matrix_path,epochs_path,gof,rv,x_mm,y_mm,z_mm,ori_x,ori_y,ori_z,amplitude,fit_error,dist_left_M1_mm,in_left_M1,dist_left_S1_mm,in_left_S1,dist_SMA_mm,in_SMA,dist_left_PMd_mm,in_left_PMd,dist_right_M1_mm,in_right_M1,dist_right_S1_mm,in_right_S1,dist_right_PMd_mm,in_right_PMd,roi_names,roi_count,roi_weights,best_roi,best_roi_weight,nearest_roi,nearest_roi_dist_mm
pr_AstroSync,exp,23MM,EPOCHS_im_rec_calib.hdf,"MATRIX_[8, 12]_robust_concat+reg0.1_im_rec_calib.hdf","[8, 12]",0,1,0,first5,0.111448729083366,"C:\Users\hodor\Documents\lab-Shishkin\projects\BCI_classifier\data\pr_AstroSync\features\csp\exp\23MM\MATRIX_[8, 12]_robust_concat+reg0.1_im_rec_calib.hdf",C:\Users\hodor\Documents\lab-Shishkin\projects\BCI_classifier\data\pr_AstroSync\trans\exp\23MM\EPOCHS_im_rec_calib.hdf,87.24110137553302,12.75889862446698,-39.883210888426596,3.3321527198785765,55.496933516931094,-0.514584130469713,-0.43472733240642,0.7390638126221087,0.0006753661594640636,,27.61121103814804,True,33.581866313622605,True,41.036872772867454,False,16.428069337930708,True,80.65706009350066,False,88.47667022645963,False,68.82442213106941,False,left_M1;left_S1;left_PMd,3,1;0.8;0.6,left_M1,1.0,left_PMd,16.428069337930708
pr_AstroSync,exp,23MM,EPOCHS_im_rec_calib.hdf,"MATRIX_[8, 12]_robust_concat+reg0.1_im_rec_calib.hdf","[8, 12]",1,2,1,first5,0.22235984854965377,"C:\Users\hodor\Documents\lab-Shishkin\projects\BCI_classifier\data\pr_AstroSync\features\csp\exp\23MM\MATRIX_[8, 12]_robust_concat+reg0.1_im_rec_calib.hdf",C:\Users\hodor\Documents\lab-Shishkin\projects\BCI_classifier\data\pr_AstroSync\trans\exp\23MM\EPOCHS_im_rec_calib.hdf,81.6686241733224,18.3313758266776,-0.7600905394781234,3.262187312187725,77.20369346380879,-0.18268410512003053,-0.7400124915060031,0.6473082960626808,0.00040474701511218663,,49.34242284624617,False,58.67136781532149,False,21.334190729582126,True,36.310413753899844,False,50.439347041992974,False,59.749682944372736,False,37.46433353739192,False,SMA,1,0.7,SMA,0.7,SMA,21.334190729582126
pr_AstroSync,exp,23MM,EPOCHS_im_rec_calib.hdf,"MATRIX_[8, 12]_robust_concat+reg0.1_im_rec_calib.hdf","[8, 12]",2,3,2,first5,0.2869571634500807,"C:\Users\hodor\Documents\lab-Shishkin\projects\BCI_classifier\data\pr_AstroSync\features\csp\exp\23MM\MATRIX_[8, 12]_robust_concat+reg0.1_im_rec_calib.hdf",C:\Users\hodor\Documents\lab-Shishkin\projects\BCI_classifier\data\pr_AstroSync\trans\exp\23MM\EPOCHS_im_rec_calib.hdf,82.63364926476814,17.366350735231862,3.6280066717137025,10.455396682960354,75.50406127753645,0.7976137750787555,-0.4313296401941878,0.42162424894041495,0.00035148515276843355,,56.01751225885918,False,65.35285005374914,False,24.29680377356933,True,41.48904528992307,False,51.142240065768185,False,60.51024615137437,False,36.262985699433976,False,SMA,1,0.7,SMA,0.7,SMA,24.29680377356933
pr_AstroSync,exp,23MM,EPOCHS_im_rec_calib.hdf,"MATRIX_[8, 12]_robust_concat+reg0.1_im_rec_calib.hdf","[8, 12]",3,4,3,first5,0.292762268848236,"C:\Users\hodor\Documents\lab-Shishkin\projects\BCI_classifier\data\pr_AstroSync\features\csp\exp\23MM\MATRIX_[8, 12]_robust_concat+reg0.1_im_rec_calib.hdf",C:\Users\hodor\Documents\lab-Shishkin\projects\BCI_classifier\data\pr_AstroSync\trans\exp\23MM\EPOCHS_im_rec_calib.hdf,51.36859957337813,48.63140042662187,30.997944216052854,-21.403767047637054,71.96624014143964,-0.9116405342911421,-0.4109599227135393,-0.004845426776131186,0.0002102488779937651,,68.92304243846455,False,76.16590986869973,False,37.32565402732756,False,62.57267148717501,False,16.931680715828918,True,24.363727092339772,True,21.061088880777373,True,right_M1;right_S1;right_PMd,3,1;0.8;0.6,right_M1,1.0,right_M1,16.931680715828918
pr_AstroSync,exp,23MM,EPOCHS_im_rec_calib.hdf,"MATRIX_[8, 12]_robust_concat+reg0.1_im_rec_calib.hdf","[8, 12]",4,5,4,first5,0.37872642050007643,"C:\Users\hodor\Documents\lab-Shishkin\projects\BCI_classifier\data\pr_AstroSync\features\csp\exp\23MM\MATRIX_[8, 12]_robust_concat+reg0.1_im_rec_calib.hdf",C:\Users\hodor\Documents\lab-Shishkin\projects\BCI_classifier\data\pr_AstroSync\trans\exp\23MM\EPOCHS_im_rec_calib.hdf,19.309988408798215,80.69001159120178,34.40086516202869,50.30425706147985,16.386973887457973,-0.5282080032041637,0.7422873347676712,0.412317617856159,0.00020729664623136927,,109.75698734392066,False,116.42230683419447,False,78.00790235216165,False,94.14056618830027,False,84.21918835681943,False,88.17487273239757,False,70.77816968604466,False,,0,,,0.0,right_PMd,70.77816968604466
pr_AstroSync,exp,23MM,EPOCHS_im_rec_calib.hdf,"MATRIX_[8, 12]_robust_concat+reg0.1_im_rec_calib.hdf","[8, 12]",51,52,5,last5,0.7262316610179389,"C:\Users\hodor\Documents\lab-Shishkin\projects\BCI_classifier\data\pr_AstroSync\features\csp\exp\23MM\MATRIX_[8, 12]_robust_concat+reg0.1_im_rec_calib.hdf",C:\Users\hodor\Documents\lab-Shishkin\projects\BCI_classifier\data\pr_AstroSync\trans\exp\23MM\EPOCHS_im_rec_calib.hdf,38.25184539190206,61.74815460809794,1.8262488953184568,-72.82855207482876,43.885985054815244,0.7061600510515165,-0.17577612902636203,0.6858868235820158,0.00015291290976203158,,62.9428467842614,False,61.81312323116672,False,68.32712474060833,False,72.3815974221102,False,60.81794242146923,False,59.279443225943865,False,70.9546035793363,False,,0,,,0.0,right_S1,59.279443225943865
pr_AstroSync,exp,23MM,EPOCHS_im_rec_calib.hdf,"MATRIX_[8, 12]_robust_concat+reg0.1_im_rec_calib.hdf","[8, 12]",52,53,6,last5,0.7410196767603926,"C:\Users\hodor\Documents\lab-Shishkin\projects\BCI_classifier\data\pr_AstroSync\features\csp\exp\23MM\MATRIX_[8, 12]_robust_concat+reg0.1_im_rec_calib.hdf",C:\Users\hodor\Documents\lab-Shishkin\projects\BCI_classifier\data\pr_AstroSync\trans\exp\23MM\EPOCHS_im_rec_calib.hdf,37.09954967789388,62.90045032210612,-3.3955104549913404,-67.68370486031702,50.68195035034343,-0.9030156624572426,0.1263037649858587,-0.41062156824417345,0.00013183664348304295,,54.76860835268755,False,53.96392758045993,False,62.20902496599261,False,64.77505062676587,False,59.063981972170055,False,59.01314460649991,False,67.64690942429752,False,,0,,,0.0,left_S1,53.96392758045993
pr_AstroSync,exp,23MM,EPOCHS_im_rec_calib.hdf,"MATRIX_[8, 12]_robust_concat+reg0.1_im_rec_calib.hdf","[8, 12]",53,54,7,last5,0.7515042774519831,"C:\Users\hodor\Documents\lab-Shishkin\projects\BCI_classifier\data\pr_AstroSync\features\csp\exp\23MM\MATRIX_[8, 12]_robust_concat+reg0.1_im_rec_calib.hdf",C:\Users\hodor\Documents\lab-Shishkin\projects\BCI_classifier\data\pr_AstroSync\trans\exp\23MM\EPOCHS_im_rec_calib.hdf,37.196898105479534,62.803101894520466,2.1074553893747487,-54.83106318812611,25.70378051500332,0.25384720565071284,0.4685627588328131,-0.8461740584645147,0.00030942783824968817,,57.62459135340141,False,57.03981485928504,False,58.58293175767195,False,63.38350151606129,False,54.92831649137392,False,53.846893817253346,False,61.493359485610895,False,,0,,,0.0,right_S1,53.846893817253346
pr_AstroSync,exp,23MM,EPOCHS_im_rec_calib.hdf,"MATRIX_[8, 12]_robust_concat+reg0.1_im_rec_calib.hdf","[8, 12]",54,55,8,last5,0.7536813535690652,"C:\Users\hodor\Documents\lab-Shishkin\projects\BCI_classifier\data\pr_AstroSync\features\csp\exp\23MM\MATRIX_[8, 12]_robust_concat+reg0.1_im_rec_calib.hdf",C:\Users\hodor\Documents\lab-Shishkin\projects\BCI_classifier\data\pr_AstroSync\trans\exp\23MM\EPOCHS_im_rec_calib.hdf,56.18835236326169,43.81164763673831,34.04858067441267,-62.30820451449089,26.07513053374725,0.7797671594683375,0.5460731777108536,-0.3062144046243591,0.000242205827321894,,85.26323944230613,False,86.59853092509749,False,73.13765809776108,False,87.72060906006713,False,48.65001935334253,False,42.17990048688756,False,62.30139820529643,False,,0,,,0.0,right_S1,42.17990048688756
pr_AstroSync,exp,23MM,EPOCHS_im_rec_calib.hdf,"MATRIX_[8, 12]_robust_concat+reg0.1_im_rec_calib.hdf","[8, 12]",55,56,9,last5,0.8201907797682565,"C:\Users\hodor\Documents\lab-Shishkin\projects\BCI_classifier\data\pr_AstroSync\features\csp\exp\23MM\MATRIX_[8, 12]_robust_concat+reg0.1_im_rec_calib.hdf",C:\Users\hodor\Documents\lab-Shishkin\projects\BCI_classifier\data\pr_AstroSync\trans\exp\23MM\EPOCHS_im_rec_calib.hdf,87.85773312822856,12.14226687177144,25.178440430106306,-56.07969937517899,35.88603418246453,-0.6516848733533582,0.7193300153358498,-0.24056424272809834,0.00042781048341366233,,71.947760954535,False,73.84276181515527,False,60.25742805812278,False,74.4592213194238,False,39.380006150781675,False,34.96820670597643,True,52.19377655739265,False,right_S1,1,0.8,right_S1,0.8,right_S1,34.96820670597643
pr_AstroSync,exp,23MM,EPOCHS_im_rec_calib.hdf,"MATRIX_[9, 13]_robust_concat+reg0.1_im_rec_calib.hdf","[9, 13]",0,1,0,first5,0.13603260260888675,"C:\Users\hodor\Documents\lab-Shishkin\projects\BCI_classifier\data\pr_AstroSync\features\csp\exp\23MM\MATRIX_[9, 13]_robust_concat+reg0.1_im_rec_calib.hdf",C:\Users\hodor\Documents\lab-Shishkin\projects\BCI_classifier\data\pr_AstroSync\trans\exp\23MM\EPOCHS_im_rec_calib.hdf,88.23308422226985,11.766915777730148,-39.60425230910977,3.1352219539507757,55.61750193234412,-0.5216534820681377,-0.4160242800400951,0.7448499466760455,0.0007442655018683311,,27.376216136815835,True,33.418091824137726,True,40.71394574533344,False,16.087204368347756,True,80.32726524961161,False,88.14921014448707,False,68.51623459450528,False,left_M1;left_S1;left_PMd,3,1;0.8;0.6,left_M1,1.0,left_PMd,16.087204368347756
pr_AstroSync,exp,23MM,EPOCHS_im_rec_calib.hdf,"MATRIX_[9, 13]_robust_concat+reg0.1_im_rec_calib.hdf","[9, 13]",1,2,1,first5,0.22086043845662376,"C:\Users\hodor\Documents\lab-Shishkin\projects\BCI_classifier\data\pr_AstroSync\features\csp\exp\23MM\MATRIX_[9, 13]_robust_concat+reg0.1_im_rec_calib.hdf",C:\Users\hodor\Documents\lab-Shishkin\projects\BCI_classifier\data\pr_AstroSync\trans\exp\23MM\EPOCHS_im_rec_calib.hdf,80.39554564170011,19.60445435829989,-0.36238717037992285,2.3016062053479,77.40086131102818,0.3816406058032152,0.6867225491859896,-0.6186780975932886,0.00036212766998367776,,49.19157246957002,False,58.50032752845748,False,21.105482928842846,True,36.44115253643751,False,49.71915681670063,False,59.01838159048948,False,36.99385031686289,False,SMA,1,0.7,SMA,0.7,SMA,21.105482928842846
pr_AstroSync,exp,23MM,EPOCHS_im_rec_calib.hdf,"MATRIX_[9, 13]_robust_concat+reg0.1_im_rec_calib.hdf","[9, 13]",2,3,2,first5,0.2748664859432667,"C:\Users\hodor\Documents\lab-Shishkin\projects\BCI_classifier\data\pr_AstroSync\features\csp\exp\23MM\MATRIX_[9, 13]_robust_concat+reg0.1_im_rec_calib.hdf",C:\Users\hodor\Documents\lab-Shishkin\projects\BCI_classifier\data\pr_AstroSync\trans\exp\23MM\EPOCHS_im_rec_calib.hdf,71.99521837334994,28.004781626650058,-4.246060875874507,4.561199147024625,75.1403575589868,-0.7119025735307768,0.5773810492894774,-0.3997822528847909,0.00039383343985732245,,46.80179520168571,False,56.172168854569136,False,20.57570940781051,True,32.99070528815253,True,52.932417290602366,False,62.1984789281309,False,39.54675022688565,False,SMA;left_PMd,2,0.7;0.6,SMA,0.7,SMA,20.57570940781051
pr_AstroSync,exp,23MM,EPOCHS_im_rec_calib.hdf,"MATRIX_[9, 13]_robust_concat+reg0.1_im_rec_calib.hdf","[9, 13]",3,4,3,first5,0.2910419810274947,"C:\Users\hodor\Documents\lab-Shishkin\projects\BCI_classifier\data\pr_AstroSync\features\csp\exp\23MM\MATRIX_[9, 13]_robust_concat+reg0.1_im_rec_calib.hdf",C:\Users\hodor\Documents\lab-Shishkin\projects\BCI_classifier\data\pr_AstroSync\trans\exp\23MM\EPOCHS_im_rec_calib.hdf,64.25719309263623,35.74280690736377,31.07465974583979,-18.15259067377101,67.81674021230883,-0.8489097925242202,-0.4690175247040142,-0.24366929572066479,0.0002500761665010959,,68.35815624410776,False,75.69964514881919,False,34.780573986061576,True,61.094401304220035,False,14.074321358165632,True,22.580820143565607,True,15.879671885370497,True,SMA;right_M1;right_S1;right_PMd,4,0.7;1;0.8;0.6,right_M1,1.0,right_M1,14.074321358165632
pr_AstroSync,exp,23MM,EPOCHS_im_rec_calib.hdf,"MATRIX_[9, 13]_robust_concat+reg0.1_im_rec_calib.hdf","[9, 13]",4,5,4,first5,0.3837058463129652,"C:\Users\hodor\Documents\lab-Shishkin\projects\BCI_classifier\data\pr_AstroSync\features\csp\exp\23MM\MATRIX_[9, 13]_robust_concat+reg0.1_im_rec_calib.hdf",C:\Users\hodor\Documents\lab-Shishkin\projects\BCI_classifier\data\pr_AstroSync\trans\exp\23MM\EPOCHS_im_rec_calib.hdf,25.660201525340998,74.339798474659,-60.6307683937331,19.25909526052551,20.974489711628987,0.27795491212189666,-0.2842238181384995,0.9175826328075755,0.00022887075536354038,,60.867154076609545,False,61.12402379981432,False,75.39894151451381,False,55.087309712388745,False,111.51520566309911,False,117.99201403327018,False,99.12243818352505,False,,0,,,0.0,left_PMd,55.087309712388745
pr_AstroSync,exp,23MM,EPOCHS_im_rec_calib.hdf,"MATRIX_[9, 13]_robust_concat+reg0.1_im_rec_calib.hdf","[9, 13]",51,52,5,last5,0.7333886602412089,"C:\Users\hodor\Documents\lab-Shishkin\projects\BCI_classifier\data\pr_AstroSync\features\csp\exp\23MM\MATRIX_[9, 13]_robust_concat+reg0.1_im_rec_calib.hdf",C:\Users\hodor\Documents\lab-Shishkin\projects\BCI_classifier\data\pr_AstroSync\trans\exp\23MM\EPOCHS_im_rec_calib.hdf,36.67744014845978,63.32255985154022,-35.60476322383094,-37.94668145748965,36.75128826588983,-0.1517634650027885,0.9877139594912513,-0.03726908794781806,0.00024636873593014913,,23.77349446776373,True,18.345898973886893,True,52.34307376082044,False,36.40259685008415,False,75.44710029842399,False,79.48693119477983,False,72.88952283078017,False,left_M1;left_S1,2,1;0.8,left_M1,1.0,left_S1,18.345898973886893
pr_AstroSync,exp,23MM,EPOCHS_im_rec_calib.hdf,"MATRIX_[9, 13]_robust_concat+reg0.1_im_rec_calib.hdf","[9, 13]",52,53,6,last5,0.7422483137338137,"C:\Users\hodor\Documents\lab-Shishkin\projects\BCI_classifier\data\pr_AstroSync\features\csp\exp\23MM\MATRIX_[9, 13]_robust_concat+reg0.1_im_rec_calib.hdf",C:\Users\hodor\Documents\lab-Shishkin\projects\BCI_classifier\data\pr_AstroSync\trans\exp\23MM\EPOCHS_im_rec_calib.hdf,48.3594352861471,51.6405647138529,21.422380389632973,-76.65758088760094,19.62276490398545,0.49458735956787014,0.8652259917540107,-0.08226376449549799,0.00016389328330536286,,85.98519539883976,False,85.1329169066403,False,83.2119239776414,False,92.08549467720613,False,65.64016340373861,False,60.40408624898305,False,77.97712309585975,False,,0,,,0.0,right_S1,60.40408624898305
pr_AstroSync,exp,23MM,EPOCHS_im_rec_calib.hdf,"MATRIX_[9, 13]_robust_concat+reg0.1_im_rec_calib.hdf","[9, 13]",53,54,7,last5,0.7547929211702494,"C:\Users\hodor\Documents\lab-Shishkin\projects\BCI_classifier\data\pr_AstroSync\features\csp\exp\23MM\MATRIX_[9, 13]_robust_concat+reg0.1_im_rec_calib.hdf",C:\Users\hodor\Documents\lab-Shishkin\projects\BCI_classifier\data\pr_AstroSync\trans\exp\23MM\EPOCHS_im_rec_calib.hdf,44.63590583905573,55.36409416094427,-34.53650610700654,-61.03074631287031,48.083476301384025,0.5401937579053574,0.8348561235910196,-0.10585819204324437,9.752124279558438e-05,,37.89576934611218,False,32.15509470840174,True,65.72283268466144,False,54.01534332074259,False,80.05839252534788,False,82.68060922419104,False,82.3756395910977,False,left_S1,1,0.8,left_S1,0.8,left_S1,32.15509470840174
pr_AstroSync,exp,23MM,EPOCHS_im_rec_calib.hdf,"MATRIX_[9, 13]_robust_concat+reg0.1_im_rec_calib.hdf","[9, 13]",54,55,8,last5,0.7718499161380156,"C:\Users\hodor\Documents\lab-Shishkin\projects\BCI_classifier\data\pr_AstroSync\features\csp\exp\23MM\MATRIX_[9, 13]_robust_concat+reg0.1_im_rec_calib.hdf",C:\Users\hodor\Documents\lab-Shishkin\projects\BCI_classifier\data\pr_AstroSync\trans\exp\23MM\EPOCHS_im_rec_calib.hdf,37.64002668578047,62.35997331421953,24.27804645419993,-0.6536934281903107,60.392128647330836,-0.2902637022089464,0.9371051076215758,-0.19385819675605898,0.0002869684305836553,,64.79030567094365,False,72.96857525281055,False,24.9745633206558,True,52.97408003325027,False,26.49047035311988,True,35.294492064902805,False,9.333378407565618,True,SMA;right_M1;right_PMd,3,0.7;1;0.6,right_M1,1.0,right_PMd,9.333378407565618
pr_AstroSync,exp,23MM,EPOCHS_im_rec_calib.hdf,"MATRIX_[9, 13]_robust_concat+reg0.1_im_rec_calib.hdf","[9, 13]",55,56,9,last5,0.8437198742439299,"C:\Users\hodor\Documents\lab-Shishkin\projects\BCI_classifier\data\pr_AstroSync\features\csp\exp\23MM\MATRIX_[9, 13]_robust_concat+reg0.1_im_rec_calib.hdf",C:\Users\hodor\Documents\lab-Shishkin\projects\BCI_classifier\data\pr_AstroSync\trans\exp\23MM\EPOCHS_im_rec_calib.hdf,86.7754995310709,13.224500468929094,24.176452837157708,-55.894335626601126,35.83447202256322,0.636456207840576,-0.7359356327919835,0.23091608841364047,0.00046656986389772014,,71.02888595306652,False,72.87773200670362,False,59.709766620928626,False,73.64032953749218,False,39.543563713745115,False,35.34854658678938,False,52.106961306804095,False,,0,,,0.0,right_S1,35.34854658678938
pr_AstroSync,exp,23MM,EPOCHS_im_rec_calib.hdf,"MATRIX_[10, 14]_robust_concat+reg0.1_im_rec_calib.hdf","[10, 14]",0,1,0,first5,0.15078182371243576,"C:\Users\hodor\Documents\lab-Shishkin\projects\BCI_classifier\data\pr_AstroSync\features\csp\exp\23MM\MATRIX_[10, 14]_robust_concat+reg0.1_im_rec_calib.hdf",C:\Users\hodor\Documents\lab-Shishkin\projects\BCI_classifier\data\pr_AstroSync\trans\exp\23MM\EPOCHS_im_rec_calib.hdf,89.12113561872201,10.878864381277992,-39.148237421009505,3.8580181583112383,54.337696756115285,0.4990038474901417,0.47549417082740913,-0.7245001405791375,0.0008172215266382673,,28.084583433664687,True,34.058226165480434,True,40.53612561939648,False,16.360288637816428,True,80.16289674948031,False,87.95946030000759,False,68.20748958483759,False,left_M1;left_S1;left_PMd,3,1;0.8;0.6,left_M1,1.0,left_PMd,16.360288637816428
pr_AstroSync,exp,23MM,EPOCHS_im_rec_calib.hdf,"MATRIX_[10, 14]_robust_concat+reg0.1_im_rec_calib.hdf","[10, 14]",1,2,1,first5,0.24852065981006585,"C:\Users\hodor\Documents\lab-Shishkin\projects\BCI_classifier\data\pr_AstroSync\features\csp\exp\23MM\MATRIX_[10, 14]_robust_concat+reg0.1_im_rec_calib.hdf",C:\Users\hodor\Documents\lab-Shishkin\projects\BCI_classifier\data\pr_AstroSync\trans\exp\23MM\EPOCHS_im_rec_calib.hdf,75.22134069764623,24.778659302353773,2.0011502772426604,3.6134024353343293,79.07939657695644,0.8960491562327155,0.38982215869122855,-0.21244903908455104,0.00027456328956701915,,52.33780624754668,False,61.63810321523783,False,23.254312908886458,True,39.592911997466864,False,49.50838638940673,False,58.84779113437942,False,36.6533743247191,False,SMA,1,0.7,SMA,0.7,SMA,23.254312908886458
pr_AstroSync,exp,23MM,EPOCHS_im_rec_calib.hdf,"MATRIX_[10, 14]_robust_concat+reg0.1_im_rec_calib.hdf","[10, 14]",2,3,2,first5,0.3225293786600115,"C:\Users\hodor\Documents\lab-Shishkin\projects\BCI_classifier\data\pr_AstroSync\features\csp\exp\23MM\MATRIX_[10, 14]_robust_concat+reg0.1_im_rec_calib.hdf",C:\Users\hodor\Documents\lab-Shishkin\projects\BCI_classifier\data\pr_AstroSync\trans\exp\23MM\EPOCHS_im_rec_calib.hdf,37.6498890401968,62.3501109598032,-16.394444799498373,-3.808953374301806,83.21226219617667,-0.6103748729950224,0.7085429805689497,-0.3541318385894997,0.0001533121565371176,,39.14796766620843,False,48.12297467819619,False,30.1535515428704,True,29.879106364885352,True,62.396822222948714,False,71.20454633093338,False,52.239245923998084,False,SMA;left_PMd,2,0.7;0.6,SMA,0.7,left_PMd,29.879106364885352
pr_AstroSync,exp,23MM,EPOCHS_im_rec_calib.hdf,"MATRIX_[10, 14]_robust_concat+reg0.1_im_rec_calib.hdf","[10, 14]",3,4,3,first5,0.3283228929783125,"C:\Users\hodor\Documents\lab-Shishkin\projects\BCI_classifier\data\pr_AstroSync\features\csp\exp\23MM\MATRIX_[10, 14]_robust_concat+reg0.1_im_rec_calib.hdf",C:\Users\hodor\Documents\lab-Shishkin\projects\BCI_classifier\data\pr_AstroSync\trans\exp\23MM\EPOCHS_im_rec_calib.hdf,81.21313698714113,18.786863012858873,4.6432512107044674,16.504186362830225,72.50594584118645,0.29802275206154333,-0.7570917932501566,0.581372906013796,0.0003964919797231836,,59.7068608285806,False,68.98352011615093,False,27.173896489207003,True,44.02820967313631,False,53.81710746279522,False,63.076618839448344,False,37.6621708272738,False,SMA,1,0.7,SMA,0.7,SMA,27.173896489207003
pr_AstroSync,exp,23MM,EPOCHS_im_rec_calib.hdf,"MATRIX_[10, 14]_robust_concat+reg0.1_im_rec_calib.hdf","[10, 14]",4,5,4,first5,0.3779522805882788,"C:\Users\hodor\Documents\lab-Shishkin\projects\BCI_classifier\data\pr_AstroSync\features\csp\exp\23MM\MATRIX_[10, 14]_robust_concat+reg0.1_im_rec_calib.hdf",C:\Users\hodor\Documents\lab-Shishkin\projects\BCI_classifier\data\pr_AstroSync\trans\exp\23MM\EPOCHS_im_rec_calib.hdf,24.597967535983923,75.40203246401607,0.8948657587821655,-32.85276833215949,40.95165985406379,-0.006378102279264823,-0.9346476690673406,0.35551800871165723,0.0003203594656961646,,40.817339056450486,False,44.386637804650405,False,31.82008569376281,True,40.97591856368601,False,39.20707204554564,False,42.65953783300772,False,39.734128116195336,False,SMA,1,0.7,SMA,0.7,SMA,31.82008569376281
pr_AstroSync,exp,23MM,EPOCHS_im_rec_calib.hdf,"MATRIX_[10, 14]_robust_concat+reg0.1_im_rec_calib.hdf","[10, 14]",51,52,5,last5,0.7349544355711944,"C:\Users\hodor\Documents\lab-Shishkin\projects\BCI_classifier\data\pr_AstroSync\features\csp\exp\23MM\MATRIX_[10, 14]_robust_concat+reg0.1_im_rec_calib.hdf",C:\Users\hodor\Documents\lab-Shishkin\projects\BCI_classifier\data\pr_AstroSync\trans\exp\23MM\EPOCHS_im_rec_calib.hdf,29.34227527552247,70.65772472447753,-33.40939474166474,-46.24871593958974,47.06292724435202,-0.14826745574639172,0.9833601286071117,-0.10497437321697549,0.0001250938959764146,,24.116132899053575,True,19.031393952744935,True,53.43937080704167,False,39.649679594396744,False,73.43392069612338,False,77.29794481345706,False,72.89684014417067,False,left_M1;left_S1,2,1;0.8,left_M1,1.0,left_S1,19.031393952744935
pr_AstroSync,exp,23MM,EPOCHS_im_rec_calib.hdf,"MATRIX_[10, 14]_robust_concat+reg0.1_im_rec_calib.hdf","[10, 14]",52,53,6,last5,0.7368084519492591,"C:\Users\hodor\Documents\lab-Shishkin\projects\BCI_classifier\data\pr_AstroSync\features\csp\exp\23MM\MATRIX_[10, 14]_robust_concat+reg0.1_im_rec_calib.hdf",C:\Users\hodor\Documents\lab-Shishkin\projects\BCI_classifier\data\pr_AstroSync\trans\exp\23MM\EPOCHS_im_rec_calib.hdf,17.54386131479917,82.45613868520083,39.81760330544071,-23.3735992333069,-5.77409065240138,0.7195923930604432,-0.2982092076307781,-0.6271029072917523,0.0002872443260788112,,97.79948683317716,False,100.37865783362112,False,77.16487621871569,False,93.0140481186125,False,61.89511086385846,False,58.19379342477295,False,64.74597730517473,False,,0,,,0.0,right_S1,58.19379342477295
pr_AstroSync,exp,23MM,EPOCHS_im_rec_calib.hdf,"MATRIX_[10, 14]_robust_concat+reg0.1_im_rec_calib.hdf","[10, 14]",53,54,7,last5,0.748798433891106,"C:\Users\hodor\Documents\lab-Shishkin\projects\BCI_classifier\data\pr_AstroSync\features\csp\exp\23MM\MATRIX_[10, 14]_robust_concat+reg0.1_im_rec_calib.hdf",C:\Users\hodor\Documents\lab-Shishkin\projects\BCI_classifier\data\pr_AstroSync\trans\exp\23MM\EPOCHS_im_rec_calib.hdf,25.142041993278124,74.85795800672187,21.400803642670542,1.1685758821637031,62.41706870843521,-0.2723086428357909,0.9602367877706036,-0.061589889177709266,0.00018387247288192976,,63.00387481393053,False,71.41188518401486,False,22.997681898520064,True,50.6525513183439,False,29.795511692616937,True,38.78559440779878,False,12.991957014952082,True,SMA;right_M1;right_PMd,3,0.7;1;0.6,right_M1,1.0,right_PMd,12.991957014952082
pr_AstroSync,exp,23MM,EPOCHS_im_rec_calib.hdf,"MATRIX_[10, 14]_robust_concat+reg0.1_im_rec_calib.hdf","[10, 14]",54,55,8,last5,0.7675992669391151,"C:\Users\hodor\Documents\lab-Shishkin\projects\BCI_classifier\data\pr_AstroSync\features\csp\exp\23MM\MATRIX_[10, 14]_robust_concat+reg0.1_im_rec_calib.hdf",C:\Users\hodor\Documents\lab-Shishkin\projects\BCI_classifier\data\pr_AstroSync\trans\exp\23MM\EPOCHS_im_rec_calib.hdf,23.48986174537542,76.51013825462458,29.957957735670263,5.045918438321111,54.392841771469584,0.5268331049656143,-0.8251474487607215,0.2039082325850592,0.0003023219693151881,,72.08814413034642,False,80.07427659627811,False,32.132586829010556,True,59.42982256713039,False,29.711186617519708,True,37.134254709427644,False,13.289565228611913,True,SMA;right_M1;right_PMd,3,0.7;1;0.6,right_M1,1.0,right_PMd,13.289565228611913
pr_AstroSync,exp,23MM,EPOCHS_im_rec_calib.hdf,"MATRIX_[10, 14]_robust_concat+reg0.1_im_rec_calib.hdf","[10, 14]",55,56,9,last5,0.8351076228291597,"C:\Users\hodor\Documents\lab-Shishkin\projects\BCI_classifier\data\pr_AstroSync\features\csp\exp\23MM\MATRIX_[10, 14]_robust_concat+reg0.1_im_rec_calib.hdf",C:\Users\hodor\Documents\lab-Shishkin\projects\BCI_classifier\data\pr_AstroSync\trans\exp\23MM\EPOCHS_im_rec_calib.hdf,82.36312063999758,17.636879360002425,24.70577393181636,-55.71999449066238,34.18062500961252,0.5736612186612301,-0.7661162596855896,0.2897907570118042,0.000476106322077085,,71.8848674208946,False,73.67977006947254,False,60.41370492408333,False,74.37191408664785,False,40.122346864783935,False,35.75106287853821,False,52.575040889649294,False,,0,,,0.0,right_S1,35.75106287853821
pr_AstroSync,exp,23MM,EPOCHS_im_rec_calib.hdf,"MATRIX_[8, 15]_robust_concat+reg0.1_im_rec_calib.hdf","[8, 15]",0,1,0,first5,0.1735372729588787,"C:\Users\hodor\Documents\lab-Shishkin\projects\BCI_classifier\data\pr_AstroSync\features\csp\exp\23MM\MATRIX_[8, 15]_robust_concat+reg0.1_im_rec_calib.hdf",C:\Users\hodor\Documents\lab-Shishkin\projects\BCI_classifier\data\pr_AstroSync\trans\exp\23MM\EPOCHS_im_rec_calib.hdf,87.88489830351803,12.115101696481972,-39.72782347314124,2.980054182009658,55.311300231258414,-0.5214920419679018,-0.40816639973753954,0.749297164207528,0.0006733448268234255,,27.24507843414191,True,33.223658275979076,True,40.81875105232071,False,16.080352627616573,True,80.39341315689292,False,88.19345674553618,False,68.61555195158247,False,left_M1;left_S1;left_PMd,3,1;0.8;0.6,left_M1,1.0,left_PMd,16.080352627616573
pr_AstroSync,exp,23MM,EPOCHS_im_rec_calib.hdf,"MATRIX_[8, 15]_robust_concat+reg0.1_im_rec_calib.hdf","[8, 15]",1,2,1,first5,0.26637440345073016,"C:\Users\hodor\Documents\lab-Shishkin\projects\BCI_classifier\data\pr_AstroSync\features\csp\exp\23MM\MATRIX_[8, 15]_robust_concat+reg0.1_im_rec_calib.hdf",C:\Users\hodor\Documents\lab-Shishkin\projects\BCI_classifier\data\pr_AstroSync\trans\exp\23MM\EPOCHS_im_rec_calib.hdf,84.79930669962415,15.200693300375846,-0.9345874661596785,1.5427664079494472,78.02806316977836,-0.20529784689567077,-0.732754806000168,0.6487859341444278,0.00035545916510696453,,48.65441027236095,False,57.95493328104974,False,21.421720125830838,True,36.17784561517443,False,50.01831898493007,False,59.29405523259269,False,37.596679501856,False,SMA,1,0.7,SMA,0.7,SMA,21.421720125830838
pr_AstroSync,exp,23MM,EPOCHS_im_rec_calib.hdf,"MATRIX_[8, 15]_robust_concat+reg0.1_im_rec_calib.hdf","[8, 15]",2,3,2,first5,0.32714113572273085,"C:\Users\hodor\Documents\lab-Shishkin\projects\BCI_classifier\data\pr_AstroSync\features\csp\exp\23MM\MATRIX_[8, 15]_robust_concat+reg0.1_im_rec_calib.hdf",C:\Users\hodor\Documents\lab-Shishkin\projects\BCI_classifier\data\pr_AstroSync\trans\exp\23MM\EPOCHS_im_rec_calib.hdf,72.56861269953298,27.431387300467023,1.3201557184691397,10.258535172000496,76.34321638051107,-0.8710512538471283,0.3484610375017948,-0.34618581501054907,0.00030516258922447725,,54.59201139073622,False,63.95293370452991,False,24.547023531223363,True,40.0860585576426,False,52.82220446201311,False,62.19478731142331,False,38.19731208106413,False,SMA,1,0.7,SMA,0.7,SMA,24.547023531223363
pr_AstroSync,exp,23MM,EPOCHS_im_rec_calib.hdf,"MATRIX_[8, 15]_robust_concat+reg0.1_im_rec_calib.hdf","[8, 15]",3,4,3,first5,0.34632836861006067,"C:\Users\hodor\Documents\lab-Shishkin\projects\BCI_classifier\data\pr_AstroSync\features\csp\exp\23MM\MATRIX_[8, 15]_robust_concat+reg0.1_im_rec_calib.hdf",C:\Users\hodor\Documents\lab-Shishkin\projects\BCI_classifier\data\pr_AstroSync\trans\exp\23MM\EPOCHS_im_rec_calib.hdf,48.795830556172874,51.204169443827126,26.771424637025387,-22.32440755188505,66.11408521180326,0.7414925188755596,0.6558010816331222,0.14182307915288273,0.00021977019667640822,,63.60309804314217,False,70.6231616921932,False,32.38879185521399,True,57.50993243043735,False,13.793800526102268,True,22.136658021964383,True,17.57819014593445,True,SMA;right_M1;right_S1;right_PMd,4,0.7;1;0.8;0.6,right_M1,1.0,right_M1,13.793800526102268
pr_AstroSync,exp,23MM,EPOCHS_im_rec_calib.hdf,"MATRIX_[8, 15]_robust_concat+reg0.1_im_rec_calib.hdf","[8, 15]",4,5,4,first5,0.4355021076806347,"C:\Users\hodor\Documents\lab-Shishkin\projects\BCI_classifier\data\pr_AstroSync\features\csp\exp\23MM\MATRIX_[8, 15]_robust_concat+reg0.1_im_rec_calib.hdf",C:\Users\hodor\Documents\lab-Shishkin\projects\BCI_classifier\data\pr_AstroSync\trans\exp\23MM\EPOCHS_im_rec_calib.hdf,24.391665165075924,75.60833483492408,-63.0606693928326,30.30379278748922,20.20078246500634,0.42751935863005075,-0.37638191660553555,0.8219269133255667,0.0002014678257168843,,70.44689996878891,False,71.35327221416324,False,81.99630626611702,False,63.07150748395203,False,118.505283037426,False,125.24169399071684,False,105.07525887807972,False,,0,,,0.0,left_PMd,63.07150748395203
pr_AstroSync,exp,23MM,EPOCHS_im_rec_calib.hdf,"MATRIX_[8, 15]_robust_concat+reg0.1_im_rec_calib.hdf","[8, 15]",51,52,5,last5,0.6904834573007154,"C:\Users\hodor\Documents\lab-Shishkin\projects\BCI_classifier\data\pr_AstroSync\features\csp\exp\23MM\MATRIX_[8, 15]_robust_concat+reg0.1_im_rec_calib.hdf",C:\Users\hodor\Documents\lab-Shishkin\projects\BCI_classifier\data\pr_AstroSync\trans\exp\23MM\EPOCHS_im_rec_calib.hdf,30.59618967425724,69.40381032574277,-37.50523634072731,-46.4807007622416,60.453000480190184,0.03824573759639282,-0.9357446583676376,0.35059834268310636,8.623641743355738e-05,,22.966864315345052,True,19.05963313092266,True,55.23899979662714,False,39.886627612808255,False,76.99500561428775,False,81.63424110217203,False,76.102099396037,False,left_M1;left_S1,2,1;0.8,left_M1,1.0,left_S1,19.05963313092266
pr_AstroSync,exp,23MM,EPOCHS_im_rec_calib.hdf,"MATRIX_[8, 15]_robust_concat+reg0.1_im_rec_calib.hdf","[8, 15]",52,53,6,last5,0.6974955990120604,"C:\Users\hodor\Documents\lab-Shishkin\projects\BCI_classifier\data\pr_AstroSync\features\csp\exp\23MM\MATRIX_[8, 15]_robust_concat+reg0.1_im_rec_calib.hdf",C:\Users\hodor\Documents\lab-Shishkin\projects\BCI_classifier\data\pr_AstroSync\trans\exp\23MM\EPOCHS_im_rec_calib.hdf,41.878860200599895,58.121139799400105,29.805405743534795,-70.80149500947815,17.276460537844876,0.846234354369778,0.4501448293743328,-0.2850562226507565,0.0001966282599172888,,89.55581426501874,False,89.59074997890113,False,82.1340528241841,False,93.72835865989161,False,61.05952375839108,False,54.947195714323115,False,73.80243745162745,False,,0,,,0.0,right_S1,54.947195714323115
pr_AstroSync,exp,23MM,EPOCHS_im_rec_calib.hdf,"MATRIX_[8, 15]_robust_concat+reg0.1_im_rec_calib.hdf","[8, 15]",53,54,7,last5,0.7092811394550598,"C:\Users\hodor\Documents\lab-Shishkin\projects\BCI_classifier\data\pr_AstroSync\features\csp\exp\23MM\MATRIX_[8, 15]_robust_concat+reg0.1_im_rec_calib.hdf",C:\Users\hodor\Documents\lab-Shishkin\projects\BCI_classifier\data\pr_AstroSync\trans\exp\23MM\EPOCHS_im_rec_calib.hdf,21.007417344668745,78.99258265533126,-41.90652574803251,-63.094902194847286,38.52742444092287,0.033465312178845096,-0.3560116760261807,0.9338820907447588,6.65995858162236e-05,,43.22718265980916,False,35.73222048680058,False,73.4517934145495,False,59.44855425414599,False,88.89954459062874,False,91.19806964287562,False,90.70645780035608,False,,0,,,0.0,left_S1,35.73222048680058
pr_AstroSync,exp,23MM,EPOCHS_im_rec_calib.hdf,"MATRIX_[8, 15]_robust_concat+reg0.1_im_rec_calib.hdf","[8, 15]",54,55,8,last5,0.7208968477999582,"C:\Users\hodor\Documents\lab-Shishkin\projects\BCI_classifier\data\pr_AstroSync\features\csp\exp\23MM\MATRIX_[8, 15]_robust_concat+reg0.1_im_rec_calib.hdf",C:\Users\hodor\Documents\lab-Shishkin\projects\BCI_classifier\data\pr_AstroSync\trans\exp\23MM\EPOCHS_im_rec_calib.hdf,31.66218971370939,68.3378102862906,26.80912965312116,-2.216278466603469,60.36869443638491,0.25261982108334546,-0.9201488611075045,0.29918104785962113,0.000237037394576881,,66.62283979766734,False,74.67708184198777,False,27.17823936043521,True,55.286323979687964,False,24.043462992177332,True,32.75259944967093,True,7.345413401398894,True,SMA;right_M1;right_S1;right_PMd,4,0.7;1;0.8;0.6,right_M1,1.0,right_PMd,7.345413401398894
pr_AstroSync,exp,23MM,EPOCHS_im_rec_calib.hdf,"MATRIX_[8, 15]_robust_concat+reg0.1_im_rec_calib.hdf","[8, 15]",55,56,9,last5,0.7853066120774379,"C:\Users\hodor\Documents\lab-Shishkin\projects\BCI_classifier\data\pr_AstroSync\features\csp\exp\23MM\MATRIX_[8, 15]_robust_concat+reg0.1_im_rec_calib.hdf",C:\Users\hodor\Documents\lab-Shishkin\projects\BCI_classifier\data\pr_AstroSync\trans\exp\23MM\EPOCHS_im_rec_calib.hdf,83.68467859359679,16.315321406403214,26.71543102240556,-55.828567210469025,34.280074121641476,0.5940919034719735,-0.7371461357663964,0.32197885761912504,0.00042401026248339076,,73.60732408638995,False,75.51768745052522,False,61.31260269011552,False,75.84922816703781,False,39.6360453619233,False,34.85295835522543,True,52.54500108503129,False,right_S1,1,0.8,right_S1,0.8,right_S1,34.85295835522543
pr_AstroSync,exp,23MM,EPOCHS_qm_rec_calib.hdf,"MATRIX_[8, 12]_robust_concat+reg0.1_qm_rec_calib.hdf","[8, 12]",0,1,0,first5,0.13878141587304674,"C:\Users\hodor\Documents\lab-Shishkin\projects\BCI_classifier\data\pr_AstroSync\features\csp\exp\23MM\MATRIX_[8, 12]_robust_concat+reg0.1_qm_rec_calib.hdf",C:\Users\hodor\Documents\lab-Shishkin\projects\BCI_classifier\data\pr_AstroSync\trans\exp\23MM\EPOCHS_qm_rec_calib.hdf,82.0439500895103,17.956049910489696,-40.8179427098697,2.6163891889087907,54.47594511842056,-0.4962435323448163,-0.4841378597360439,0.7206614249258398,0.0006646044617469002,,27.091834354526704,True,32.73158119292356,True,41.86604319170051,False,16.71317199115558,True,81.31267575793056,False,89.04364538049336,False,69.64868772282327,False,left_M1;left_S1;left_PMd,3,1;0.8;0.6,left_M1,1.0,left_PMd,16.71317199115558
pr_AstroSync,exp,23MM,EPOCHS_qm_rec_calib.hdf,"MATRIX_[8, 12]_robust_concat+reg0.1_qm_rec_calib.hdf","[8, 12]",1,2,1,first5,0.30687792385430135,"C:\Users\hodor\Documents\lab-Shishkin\projects\BCI_classifier\data\pr_AstroSync\features\csp\exp\23MM\MATRIX_[8, 12]_robust_concat+reg0.1_qm_rec_calib.hdf",C:\Users\hodor\Documents\lab-Shishkin\projects\BCI_classifier\data\pr_AstroSync\trans\exp\23MM\EPOCHS_qm_rec_calib.hdf,63.79265425252005,36.20734574747995,-60.36851996445847,2.1821615497042917,59.67304612924827,0.2894850346182799,0.8085081006988669,0.5123602890899766,0.00016175979334750814,,35.95582868660672,False,37.8413753000277,False,60.94345784147198,False,34.13046683509338,True,99.9294175477003,False,107.58197357655496,False,89.02900090645046,False,left_PMd,1,0.6,left_PMd,0.6,left_PMd,34.13046683509338
pr_AstroSync,exp,23MM,EPOCHS_qm_rec_calib.hdf,"MATRIX_[8, 12]_robust_concat+reg0.1_qm_rec_calib.hdf","[8, 12]",2,3,2,first5,0.32599383007975946,"C:\Users\hodor\Documents\lab-Shishkin\projects\BCI_classifier\data\pr_AstroSync\features\csp\exp\23MM\MATRIX_[8, 12]_robust_concat+reg0.1_qm_rec_calib.hdf",C:\Users\hodor\Documents\lab-Shishkin\projects\BCI_classifier\data\pr_AstroSync\trans\exp\23MM\EPOCHS_qm_rec_calib.hdf,78.90543606420442,21.094563935795577,7.95233078608874,-7.561032782871523,84.19599343271713,-0.0852789720556426,-0.520400740645579,0.8496532034075231,0.00022612262952928638,,54.74542054230121,False,63.52420478726011,False,27.420912825935126,True,45.69219656383227,False,43.03400326668015,False,51.95510582984941,False,34.599360959213485,True,SMA;right_PMd,2,0.7;0.6,SMA,0.7,SMA,27.420912825935126
pr_AstroSync,exp,23MM,EPOCHS_qm_rec_calib.hdf,"MATRIX_[8, 12]_robust_concat+reg0.1_qm_rec_calib.hdf","[8, 12]",3,4,3,first5,0.3575876223207346,"C:\Users\hodor\Documents\lab-Shishkin\projects\BCI_classifier\data\pr_AstroSync\features\csp\exp\23MM\MATRIX_[8, 12]_robust_concat+reg0.1_qm_rec_calib.hdf",C:\Users\hodor\Documents\lab-Shishkin\projects\BCI_classifier\data\pr_AstroSync\trans\exp\23MM\EPOCHS_qm_rec_calib.hdf,49.58189755446722,50.41810244553278,5.528529239245997,21.234575548748264,64.9106597333003,0.6316618650529492,-0.6315979693930632,0.4495412031131175,0.0002751711560918417,,62.04986239092706,False,71.0677701778754,False,28.636409670542378,True,45.367637555256316,False,55.26370610338724,False,64.20151903079856,False,37.93451281550287,False,SMA,1,0.7,SMA,0.7,SMA,28.636409670542378
pr_AstroSync,exp,23MM,EPOCHS_qm_rec_calib.hdf,"MATRIX_[8, 12]_robust_concat+reg0.1_qm_rec_calib.hdf","[8, 12]",4,5,4,first5,0.381283781402465,"C:\Users\hodor\Documents\lab-Shishkin\projects\BCI_classifier\data\pr_AstroSync\features\csp\exp\23MM\MATRIX_[8, 12]_robust_concat+reg0.1_qm_rec_calib.hdf",C:\Users\hodor\Documents\lab-Shishkin\projects\BCI_classifier\data\pr_AstroSync\trans\exp\23MM\EPOCHS_qm_rec_calib.hdf,34.27390046045981,65.7260995395402,-11.615605183997548,-76.42082988511231,34.67372778866953,-0.15170232059050948,0.6622800583221418,0.7337380529019023,9.252003395463244e-05,,61.622658193381575,False,58.12318473981252,False,75.08748591327004,False,73.51644878587304,False,73.95944259737213,False,73.0049743182611,False,81.887825851549,False,,0,,,0.0,left_S1,58.12318473981252
pr_AstroSync,exp,23MM,EPOCHS_qm_rec_calib.hdf,"MATRIX_[8, 12]_robust_concat+reg0.1_qm_rec_calib.hdf","[8, 12]",51,52,5,last5,0.7256701197479096,"C:\Users\hodor\Documents\lab-Shishkin\projects\BCI_classifier\data\pr_AstroSync\features\csp\exp\23MM\MATRIX_[8, 12]_robust_concat+reg0.1_qm_rec_calib.hdf",C:\Users\hodor\Documents\lab-Shishkin\projects\BCI_classifier\data\pr_AstroSync\trans\exp\23MM\EPOCHS_qm_rec_calib.hdf,60.982100171264456,39.017899828735544,-5.44253220580799,-71.21886893252483,46.15270327811844,-0.9858376764689661,-0.001350322490198002,-0.1676969060043819,0.00019870536543526365,,57.09947174877207,False,55.404282204120044,False,66.50925094500325,False,67.84124110835931,False,63.593036659882586,False,63.118776106080475,False,72.19416598433033,False,,0,,,0.0,left_S1,55.404282204120044
pr_AstroSync,exp,23MM,EPOCHS_qm_rec_calib.hdf,"MATRIX_[8, 12]_robust_concat+reg0.1_qm_rec_calib.hdf","[8, 12]",52,53,6,last5,0.7317502719450677,"C:\Users\hodor\Documents\lab-Shishkin\projects\BCI_classifier\data\pr_AstroSync\features\csp\exp\23MM\MATRIX_[8, 12]_robust_concat+reg0.1_qm_rec_calib.hdf",C:\Users\hodor\Documents\lab-Shishkin\projects\BCI_classifier\data\pr_AstroSync\trans\exp\23MM\EPOCHS_qm_rec_calib.hdf,16.0604808365511,83.93951916344889,-30.563833308157072,-74.32709961965455,27.91442276810814,0.9908424194697126,-0.015051082734239558,0.13418183441857173,6.255753484240034e-05,,57.88927804763761,False,51.72806491536121,False,80.67144728030567,False,72.07396918191863,False,88.04749007922553,False,88.37712767259531,False,92.83214079266807,False,,0,,,0.0,left_S1,51.72806491536121
pr_AstroSync,exp,23MM,EPOCHS_qm_rec_calib.hdf,"MATRIX_[8, 12]_robust_concat+reg0.1_qm_rec_calib.hdf","[8, 12]",53,54,7,last5,0.7604065395709855,"C:\Users\hodor\Documents\lab-Shishkin\projects\BCI_classifier\data\pr_AstroSync\features\csp\exp\23MM\MATRIX_[8, 12]_robust_concat+reg0.1_qm_rec_calib.hdf",C:\Users\hodor\Documents\lab-Shishkin\projects\BCI_classifier\data\pr_AstroSync\trans\exp\23MM\EPOCHS_qm_rec_calib.hdf,37.83412398858904,62.16587601141096,-15.492066269758181,-46.812659084151676,36.01069205405944,-0.11567218299582738,-0.99328650587872,0.0013650348798570416,0.00033962235735983203,,36.61372956325756,False,35.22774509838683,False,48.87951434667873,False,45.41413154008722,False,59.761381638785245,False,61.997267343297416,False,61.624303369314134,False,,0,,,0.0,left_S1,35.22774509838683
pr_AstroSync,exp,23MM,EPOCHS_qm_rec_calib.hdf,"MATRIX_[8, 12]_robust_concat+reg0.1_qm_rec_calib.hdf","[8, 12]",54,55,8,last5,0.7822965711976874,"C:\Users\hodor\Documents\lab-Shishkin\projects\BCI_classifier\data\pr_AstroSync\features\csp\exp\23MM\MATRIX_[8, 12]_robust_concat+reg0.1_qm_rec_calib.hdf",C:\Users\hodor\Documents\lab-Shishkin\projects\BCI_classifier\data\pr_AstroSync\trans\exp\23MM\EPOCHS_qm_rec_calib.hdf,69.67089050397125,30.32910949602875,35.93906307581757,-35.4427520791523,43.955500849002114,0.5175324302466923,-0.003344610334049857,-0.8556570558492848,0.00036313335703090546,,73.83248154552163,False,78.54193192124696,False,48.535964615575544,False,70.6142930892152,False,16.613556159114818,True,11.448688710260242,True,31.00327924588005,True,right_M1;right_S1;right_PMd,3,1;0.8;0.6,right_M1,1.0,right_S1,11.448688710260242
pr_AstroSync,exp,23MM,EPOCHS_qm_rec_calib.hdf,"MATRIX_[8, 12]_robust_concat+reg0.1_qm_rec_calib.hdf","[8, 12]",55,56,9,last5,0.8567800012548686,"C:\Users\hodor\Documents\lab-Shishkin\projects\BCI_classifier\data\pr_AstroSync\features\csp\exp\23MM\MATRIX_[8, 12]_robust_concat+reg0.1_qm_rec_calib.hdf",C:\Users\hodor\Documents\lab-Shishkin\projects\BCI_classifier\data\pr_AstroSync\trans\exp\23MM\EPOCHS_qm_rec_calib.hdf,68.11308682791302,31.886913172086977,20.68699630138382,-53.09709948855468,37.15906216037837,-0.602031724819573,0.7100615285231393,-0.3651991621323261,0.0005201277579613517,,66.44574995435327,False,68.43529020931682,False,55.50165120285394,False,68.98661413497584,False,37.89604490705024,False,34.75591413559616,True,49.418714512349055,False,right_S1,1,0.8,right_S1,0.8,right_S1,34.75591413559616
pr_AstroSync,exp,23MM,EPOCHS_qm_rec_calib.hdf,"MATRIX_[9, 13]_robust_concat+reg0.1_qm_rec_calib.hdf","[9, 13]",0,1,0,first5,0.17421938974725149,"C:\Users\hodor\Documents\lab-Shishkin\projects\BCI_classifier\data\pr_AstroSync\features\csp\exp\23MM\MATRIX_[9, 13]_robust_concat+reg0.1_qm_rec_calib.hdf",C:\Users\hodor\Documents\lab-Shishkin\projects\BCI_classifier\data\pr_AstroSync\trans\exp\23MM\EPOCHS_qm_rec_calib.hdf,82.44194905513605,17.55805094486395,-40.20581845619931,3.681582937888803,54.073506577996596,-0.47734307101469,-0.5338102320301679,0.6979901351266814,0.0007350711624396738,,28.06546489439905,True,33.79301031490081,True,41.54104279515757,False,17.004492377765732,True,81.10060528400172,False,88.86250641741137,False,69.22574974761787,False,left_M1;left_S1;left_PMd,3,1;0.8;0.6,left_M1,1.0,left_PMd,17.004492377765732
pr_AstroSync,exp,23MM,EPOCHS_qm_rec_calib.hdf,"MATRIX_[9, 13]_robust_concat+reg0.1_qm_rec_calib.hdf","[9, 13]",1,2,1,first5,0.2902197911291341,"C:\Users\hodor\Documents\lab-Shishkin\projects\BCI_classifier\data\pr_AstroSync\features\csp\exp\23MM\MATRIX_[9, 13]_robust_concat+reg0.1_qm_rec_calib.hdf",C:\Users\hodor\Documents\lab-Shishkin\projects\BCI_classifier\data\pr_AstroSync\trans\exp\23MM\EPOCHS_qm_rec_calib.hdf,63.899882126145066,36.100117873854934,-62.14859909324327,2.224979461538153,57.87837554183807,-0.3886134633770137,-0.7646983130702097,-0.5140195191524325,0.00016701922172542531,,37.08135753951622,False,38.45738740122214,False,62.690616912774324,False,35.69601265822428,False,101.60917943965725,False,109.17845617791336,False,90.74606557939221,False,,0,,,0.0,left_PMd,35.69601265822428
pr_AstroSync,exp,23MM,EPOCHS_qm_rec_calib.hdf,"MATRIX_[9, 13]_robust_concat+reg0.1_qm_rec_calib.hdf","[9, 13]",2,3,2,first5,0.31921002904362983,"C:\Users\hodor\Documents\lab-Shishkin\projects\BCI_classifier\data\pr_AstroSync\features\csp\exp\23MM\MATRIX_[9, 13]_robust_concat+reg0.1_qm_rec_calib.hdf",C:\Users\hodor\Documents\lab-Shishkin\projects\BCI_classifier\data\pr_AstroSync\trans\exp\23MM\EPOCHS_qm_rec_calib.hdf,79.0178902520421,20.982109747957907,26.36665474699191,-10.707026122462818,79.98457790442335,0.7147577853152153,0.1320404629091165,-0.6867944557770066,0.00028853325559514953,,68.12901552270316,False,76.3502123299108,False,34.650804364405126,True,59.483788682797154,False,29.064832229446846,True,37.41332550479604,False,24.192060358650163,True,SMA;right_M1;right_PMd,3,0.7;1;0.6,right_M1,1.0,right_PMd,24.192060358650163
pr_AstroSync,exp,23MM,EPOCHS_qm_rec_calib.hdf,"MATRIX_[9, 13]_robust_concat+reg0.1_qm_rec_calib.hdf","[9, 13]",3,4,3,first5,0.3495817492775056,"C:\Users\hodor\Documents\lab-Shishkin\projects\BCI_classifier\data\pr_AstroSync\features\csp\exp\23MM\MATRIX_[9, 13]_robust_concat+reg0.1_qm_rec_calib.hdf",C:\Users\hodor\Documents\lab-Shishkin\projects\BCI_classifier\data\pr_AstroSync\trans\exp\23MM\EPOCHS_qm_rec_calib.hdf,51.018540722415764,48.981459277584236,3.075048880489057,19.20089660539728,62.8649970598216,-0.6366505095420739,0.6818631067243728,-0.3601927711490119,0.0003347005373743382,,58.65411406844531,False,67.60574250360249,False,25.84974490638919,True,41.86496893219505,False,54.749411488743604,False,63.67046573994289,False,37.52692565450682,False,SMA,1,0.7,SMA,0.7,SMA,25.84974490638919
pr_AstroSync,exp,23MM,EPOCHS_qm_rec_calib.hdf,"MATRIX_[9, 13]_robust_concat+reg0.1_qm_rec_calib.hdf","[9, 13]",4,5,4,first5,0.373764103264586,"C:\Users\hodor\Documents\lab-Shishkin\projects\BCI_classifier\data\pr_AstroSync\features\csp\exp\23MM\MATRIX_[9, 13]_robust_concat+reg0.1_qm_rec_calib.hdf",C:\Users\hodor\Documents\lab-Shishkin\projects\BCI_classifier\data\pr_AstroSync\trans\exp\23MM\EPOCHS_qm_rec_calib.hdf,28.435345137644074,71.56465486235592,-70.98078657528232,32.21092963635369,17.27094121309773,-0.6804762633320302,0.22076999590414245,-0.6987221650628828,0.0001456524260939445,,76.70243825673269,False,76.91679453126949,False,90.31723775773423,False,70.45712789611204,False,126.90349601712533,False,133.57007683464496,False,113.6400236175649,False,,0,,,0.0,left_PMd,70.45712789611204
pr_AstroSync,exp,23MM,EPOCHS_qm_rec_calib.hdf,"MATRIX_[9, 13]_robust_concat+reg0.1_qm_rec_calib.hdf","[9, 13]",51,52,5,last5,0.716753313246237,"C:\Users\hodor\Documents\lab-Shishkin\projects\BCI_classifier\data\pr_AstroSync\features\csp\exp\23MM\MATRIX_[9, 13]_robust_concat+reg0.1_qm_rec_calib.hdf",C:\Users\hodor\Documents\lab-Shishkin\projects\BCI_classifier\data\pr_AstroSync\trans\exp\23MM\EPOCHS_qm_rec_calib.hdf,28.93616201995286,71.06383798004714,38.51421579873256,-66.33577127429855,23.573272186015103,-0.23986614204227455,0.043826351052106,0.9698162118954358,0.00012722776725920487,,91.63066387521192,False,92.79496793465363,False,79.42889714602622,False,94.22683158320618,False,53.3866227363614,False,46.26573051197104,False,67.56555054724156,False,,0,,,0.0,right_S1,46.26573051197104
pr_AstroSync,exp,23MM,EPOCHS_qm_rec_calib.hdf,"MATRIX_[9, 13]_robust_concat+reg0.1_qm_rec_calib.hdf","[9, 13]",52,53,6,last5,0.7187111751104553,"C:\Users\hodor\Documents\lab-Shishkin\projects\BCI_classifier\data\pr_AstroSync\features\csp\exp\23MM\MATRIX_[9, 13]_robust_concat+reg0.1_qm_rec_calib.hdf",C:\Users\hodor\Documents\lab-Shishkin\projects\BCI_classifier\data\pr_AstroSync\trans\exp\23MM\EPOCHS_qm_rec_calib.hdf,34.177082471312616,65.82291752868738,-29.767272937237905,-68.93691986084147,39.93539461104593,-0.26958459932655365,-0.923816849408955,0.27182084643024257,0.00011347561981060416,,48.12738513072768,False,42.55911233605328,False,71.92688223153166,False,63.043659491372495,False,81.2571996962955,False,82.53593094094698,False,85.48940034316983,False,,0,,,0.0,left_S1,42.55911233605328
pr_AstroSync,exp,23MM,EPOCHS_qm_rec_calib.hdf,"MATRIX_[9, 13]_robust_concat+reg0.1_qm_rec_calib.hdf","[9, 13]",53,54,7,last5,0.7629313993727588,"C:\Users\hodor\Documents\lab-Shishkin\projects\BCI_classifier\data\pr_AstroSync\features\csp\exp\23MM\MATRIX_[9, 13]_robust_concat+reg0.1_qm_rec_calib.hdf",C:\Users\hodor\Documents\lab-Shishkin\projects\BCI_classifier\data\pr_AstroSync\trans\exp\23MM\EPOCHS_qm_rec_calib.hdf,32.86104074847952,67.13895925152048,-17.370061199142807,-39.50039378251895,41.74158169881027,-0.286906511284368,0.9356331083393844,0.20560967964036786,0.00037708268055652036,,28.11830933019513,True,28.321838100643816,True,41.08931217850041,False,36.174202131013615,False,57.37532685976702,False,60.994235751053324,False,57.04401593611222,False,left_M1;left_S1,2,1;0.8,left_M1,1.0,left_M1,28.11830933019513
pr_AstroSync,exp,23MM,EPOCHS_qm_rec_calib.hdf,"MATRIX_[9, 13]_robust_concat+reg0.1_qm_rec_calib.hdf","[9, 13]",54,55,8,last5,0.7973105589798912,"C:\Users\hodor\Documents\lab-Shishkin\projects\BCI_classifier\data\pr_AstroSync\features\csp\exp\23MM\MATRIX_[9, 13]_robust_concat+reg0.1_qm_rec_calib.hdf",C:\Users\hodor\Documents\lab-Shishkin\projects\BCI_classifier\data\pr_AstroSync\trans\exp\23MM\EPOCHS_qm_rec_calib.hdf,67.30667671725763,32.69332328274237,37.96316269155279,-28.216615172277873,48.41401472636737,0.3434736847535388,-0.06428909934863514,-0.9369593051924764,0.00029712102580686887,,74.47064154027383,False,80.06339450374433,False,45.01856089353251,False,69.4074746253457,False,8.898371976735962,True,5.686458237016333,True,23.780734059614232,True,right_M1;right_S1;right_PMd,3,1;0.8;0.6,right_M1,1.0,right_S1,5.686458237016333
pr_AstroSync,exp,23MM,EPOCHS_qm_rec_calib.hdf,"MATRIX_[9, 13]_robust_concat+reg0.1_qm_rec_calib.hdf","[9, 13]",55,56,9,last5,0.8606294110874103,"C:\Users\hodor\Documents\lab-Shishkin\projects\BCI_classifier\data\pr_AstroSync\features\csp\exp\23MM\MATRIX_[9, 13]_robust_concat+reg0.1_qm_rec_calib.hdf",C:\Users\hodor\Documents\lab-Shishkin\projects\BCI_classifier\data\pr_AstroSync\trans\exp\23MM\EPOCHS_qm_rec_calib.hdf,64.78297584979191,35.21702415020809,20.77844816395579,-54.0991680326886,35.651192538257995,0.6080668902275591,-0.6832075158623541,0.40432925602555275,0.000513570360888147,,67.40790797289354,False,69.20395190423271,False,56.96264625613022,False,70.13233393881048,False,39.39199819344598,False,36.033424311585804,False,50.90538350058645,False,,0,,,0.0,right_S1,36.033424311585804
pr_AstroSync,exp,23MM,EPOCHS_qm_rec_calib.hdf,"MATRIX_[10, 14]_robust_concat+reg0.1_qm_rec_calib.hdf","[10, 14]",0,1,0,first5,0.19871826373125936,"C:\Users\hodor\Documents\lab-Shishkin\projects\BCI_classifier\data\pr_AstroSync\features\csp\exp\23MM\MATRIX_[10, 14]_robust_concat+reg0.1_qm_rec_calib.hdf",C:\Users\hodor\Documents\lab-Shishkin\projects\BCI_classifier\data\pr_AstroSync\trans\exp\23MM\EPOCHS_qm_rec_calib.hdf,83.61639138389873,16.38360861610127,-40.088903579947726,3.784741059375322,54.13369106276021,-0.4755057936196679,-0.5398195785844863,0.6946143266669623,0.0007493944169516816,,28.14594246551121,True,33.90595309863859,True,41.44646779448824,False,16.985429657533558,True,81.02466410164463,False,88.79498553949034,False,69.12642057567545,False,left_M1;left_S1;left_PMd,3,1;0.8;0.6,left_M1,1.0,left_PMd,16.985429657533558
pr_AstroSync,exp,23MM,EPOCHS_qm_rec_calib.hdf,"MATRIX_[10, 14]_robust_concat+reg0.1_qm_rec_calib.hdf","[10, 14]",1,2,1,first5,0.2969712967348431,"C:\Users\hodor\Documents\lab-Shishkin\projects\BCI_classifier\data\pr_AstroSync\features\csp\exp\23MM\MATRIX_[10, 14]_robust_concat+reg0.1_qm_rec_calib.hdf",C:\Users\hodor\Documents\lab-Shishkin\projects\BCI_classifier\data\pr_AstroSync\trans\exp\23MM\EPOCHS_qm_rec_calib.hdf,65.91641513907838,34.08358486092162,-60.5457846242523,1.1613998199325286,52.40036648717164,-0.46161462158245986,-0.8105819644494803,-0.3603731677726628,0.0001976135062779907,,35.334812085892835,False,36.264848812464315,False,61.224452456720805,False,34.00171620514991,True,99.83557447642443,False,107.17663493628301,False,89.09121495866924,False,left_PMd,1,0.6,left_PMd,0.6,left_PMd,34.00171620514991
pr_AstroSync,exp,23MM,EPOCHS_qm_rec_calib.hdf,"MATRIX_[10, 14]_robust_concat+reg0.1_qm_rec_calib.hdf","[10, 14]",2,3,2,first5,0.3554263060399181,"C:\Users\hodor\Documents\lab-Shishkin\projects\BCI_classifier\data\pr_AstroSync\features\csp\exp\23MM\MATRIX_[10, 14]_robust_concat+reg0.1_qm_rec_calib.hdf",C:\Users\hodor\Documents\lab-Shishkin\projects\BCI_classifier\data\pr_AstroSync\trans\exp\23MM\EPOCHS_qm_rec_calib.hdf,43.73953626917211,56.26046373082789,34.91000669466778,7.028088571097909,56.08100354900196,-0.8774319595849047,0.29313441714851934,-0.37971748680037365,0.0002392886863769747,,77.4014075543118,False,85.45690763753319,False,37.3111539169866,False,64.6801279374033,False,31.047333659374306,True,37.92099600835524,False,16.540804097626815,True,right_M1;right_PMd,2,1;0.6,right_M1,1.0,right_PMd,16.540804097626815
pr_AstroSync,exp,23MM,EPOCHS_qm_rec_calib.hdf,"MATRIX_[10, 14]_robust_concat+reg0.1_qm_rec_calib.hdf","[10, 14]",3,4,3,first5,0.35625254295064335,"C:\Users\hodor\Documents\lab-Shishkin\projects\BCI_classifier\data\pr_AstroSync\features\csp\exp\23MM\MATRIX_[10, 14]_robust_concat+reg0.1_qm_rec_calib.hdf",C:\Users\hodor\Documents\lab-Shishkin\projects\BCI_classifier\data\pr_AstroSync\trans\exp\23MM\EPOCHS_qm_rec_calib.hdf,48.718112583679904,51.281887416320096,31.934530310162952,2.4473436211797615,44.86757118790815,-0.9318094241051516,0.3511075832951596,0.09194923654635981,0.0006296909457931558,,73.74614135217855,False,81.05563781141247,False,35.54760929921537,False,61.8484105171276,False,28.981390575195565,True,34.713330708929405,True,15.76573781200516,True,right_M1;right_S1;right_PMd,3,1;0.8;0.6,right_M1,1.0,right_PMd,15.76573781200516
pr_AstroSync,exp,23MM,EPOCHS_qm_rec_calib.hdf,"MATRIX_[10, 14]_robust_concat+reg0.1_qm_rec_calib.hdf","[10, 14]",4,5,4,first5,0.38180437004417456,"C:\Users\hodor\Documents\lab-Shishkin\projects\BCI_classifier\data\pr_AstroSync\features\csp\exp\23MM\MATRIX_[10, 14]_robust_concat+reg0.1_qm_rec_calib.hdf",C:\Users\hodor\Documents\lab-Shishkin\projects\BCI_classifier\data\pr_AstroSync\trans\exp\23MM\EPOCHS_qm_rec_calib.hdf,27.535938062552763,72.46406193744724,-64.64995880774268,40.21593342814274,21.140339749237015,-0.6173430456673705,0.1205999377921065,-0.7773951498245117,0.0001763613850815191,,78.48377003261015,False,79.97259888218173,False,87.60230722006712,False,69.87983707590446,False,124.3756255334886,False,131.36517670855966,False,110.10897790926103,False,,0,,,0.0,left_PMd,69.87983707590446
pr_AstroSync,exp,23MM,EPOCHS_qm_rec_calib.hdf,"MATRIX_[10, 14]_robust_concat+reg0.1_qm_rec_calib.hdf","[10, 14]",51,52,5,last5,0.719306590437262,"C:\Users\hodor\Documents\lab-Shishkin\projects\BCI_classifier\data\pr_AstroSync\features\csp\exp\23MM\MATRIX_[10, 14]_robust_concat+reg0.1_qm_rec_calib.hdf",C:\Users\hodor\Documents\lab-Shishkin\projects\BCI_classifier\data\pr_AstroSync\trans\exp\23MM\EPOCHS_qm_rec_calib.hdf,32.59728857191312,67.40271142808689,37.52762328444258,-65.9981895118043,38.267648274089034,0.5888202824911317,0.7073292731226335,-0.3911214316690801,0.00013161878866232182,,86.51355735293602,False,88.36905565481688,False,73.46748232183054,False,89.28659304557658,False,45.61379016152919,False,38.78723095991472,False,61.39219730412682,False,,0,,,0.0,right_S1,38.78723095991472
pr_AstroSync,exp,23MM,EPOCHS_qm_rec_calib.hdf,"MATRIX_[10, 14]_robust_concat+reg0.1_qm_rec_calib.hdf","[10, 14]",52,53,6,last5,0.7326608812215547,"C:\Users\hodor\Documents\lab-Shishkin\projects\BCI_classifier\data\pr_AstroSync\features\csp\exp\23MM\MATRIX_[10, 14]_robust_concat+reg0.1_qm_rec_calib.hdf",C:\Users\hodor\Documents\lab-Shishkin\projects\BCI_classifier\data\pr_AstroSync\trans\exp\23MM\EPOCHS_qm_rec_calib.hdf,47.99048918091606,52.00951081908394,34.53448584481268,-65.24041218551612,28.82941391933718,-0.24062413767304713,-0.032474817709597405,0.9700749510134931,0.00019028911432535854,,86.1053194558272,False,87.38586976082753,False,74.51832151065115,False,89.0239712381422,False,49.40809728108369,False,42.83102394208876,False,63.697763229100495,False,,0,,,0.0,right_S1,42.83102394208876
pr_AstroSync,exp,23MM,EPOCHS_qm_rec_calib.hdf,"MATRIX_[10, 14]_robust_concat+reg0.1_qm_rec_calib.hdf","[10, 14]",53,54,7,last5,0.746655679092104,"C:\Users\hodor\Documents\lab-Shishkin\projects\BCI_classifier\data\pr_AstroSync\features\csp\exp\23MM\MATRIX_[10, 14]_robust_concat+reg0.1_qm_rec_calib.hdf",C:\Users\hodor\Documents\lab-Shishkin\projects\BCI_classifier\data\pr_AstroSync\trans\exp\23MM\EPOCHS_qm_rec_calib.hdf,38.42087424306227,61.57912575693773,-23.682340977834436,-50.14680243341178,34.76537584481752,-0.04227719849959264,0.992946659715975,0.11076808857208832,0.00031441838399436155,,35.8648750770174,False,32.22518502838501,True,55.223556558027816,False,47.390973800973875,False,68.53135315385377,False,70.83146076701958,False,69.98804603160492,False,left_S1,1,0.8,left_S1,0.8,left_S1,32.22518502838501
pr_AstroSync,exp,23MM,EPOCHS_qm_rec_calib.hdf,"MATRIX_[10, 14]_robust_concat+reg0.1_qm_rec_calib.hdf","[10, 14]",54,55,8,last5,0.7972825043646197,"C:\Users\hodor\Documents\lab-Shishkin\projects\BCI_classifier\data\pr_AstroSync\features\csp\exp\23MM\MATRIX_[10, 14]_robust_concat+reg0.1_qm_rec_calib.hdf",C:\Users\hodor\Documents\lab-Shishkin\projects\BCI_classifier\data\pr_AstroSync\trans\exp\23MM\EPOCHS_qm_rec_calib.hdf,66.92378985625757,33.07621014374243,36.64926535262962,-17.300103713299087,58.28855807748474,-0.22614518140812773,-0.34486857525952835,0.9110016590129505,0.0002466377764112072,,72.99343713378182,False,79.91583240444413,False,38.352891163285925,False,65.35485397265344,False,7.1096873225687345,True,15.148058940122592,True,12.90500748904623,True,right_M1;right_S1;right_PMd,3,1;0.8;0.6,right_M1,1.0,right_M1,7.1096873225687345
pr_AstroSync,exp,23MM,EPOCHS_qm_rec_calib.hdf,"MATRIX_[10, 14]_robust_concat+reg0.1_qm_rec_calib.hdf","[10, 14]",55,56,9,last5,0.8644924675185686,"C:\Users\hodor\Documents\lab-Shishkin\projects\BCI_classifier\data\pr_AstroSync\features\csp\exp\23MM\MATRIX_[10, 14]_robust_concat+reg0.1_qm_rec_calib.hdf",C:\Users\hodor\Documents\lab-Shishkin\projects\BCI_classifier\data\pr_AstroSync\trans\exp\23MM\EPOCHS_qm_rec_calib.hdf,63.4426283997514,36.5573716002486,21.05126284348251,-54.15510236228479,34.316187927914456,0.6698965535615836,-0.6588285267841336,0.3423208726060394,0.0005161726076534878,,68.07616687573945,False,69.79719138827302,False,57.64540315665576,False,70.75667860061633,False,40.03726572871882,False,36.538141277111386,False,51.46616488646571,False,,0,,,0.0,right_S1,36.538141277111386
pr_AstroSync,exp,23MM,EPOCHS_qm_rec_calib.hdf,"MATRIX_[8, 15]_robust_concat+reg0.1_qm_rec_calib.hdf","[8, 15]",0,1,0,first5,0.21090865032526368,"C:\Users\hodor\Documents\lab-Shishkin\projects\BCI_classifier\data\pr_AstroSync\features\csp\exp\23MM\MATRIX_[8, 15]_robust_concat+reg0.1_qm_rec_calib.hdf",C:\Users\hodor\Documents\lab-Shishkin\projects\BCI_classifier\data\pr_AstroSync\trans\exp\23MM\EPOCHS_qm_rec_calib.hdf,82.7526255064805,17.2473744935195,-40.59312820543309,2.137501629013753,54.65300751855991,-0.49545776298685645,-0.4904869557443471,0.7168989826612274,0.0006584762066928442,,26.572169780868435,True,32.277496001002696,True,41.53580803277752,False,16.222521567924854,True,80.94127913769131,False,88.66500034741726,False,69.3512838023226,False,left_M1;left_S1;left_PMd,3,1;0.8;0.6,left_M1,1.0,left_PMd,16.222521567924854
pr_AstroSync,exp,23MM,EPOCHS_qm_rec_calib.hdf,"MATRIX_[8, 15]_robust_concat+reg0.1_qm_rec_calib.hdf","[8, 15]",1,2,1,first5,0.3437984952988371,"C:\Users\hodor\Documents\lab-Shishkin\projects\BCI_classifier\data\pr_AstroSync\features\csp\exp\23MM\MATRIX_[8, 15]_robust_concat+reg0.1_qm_rec_calib.hdf",C:\Users\hodor\Documents\lab-Shishkin\projects\BCI_classifier\data\pr_AstroSync\trans\exp\23MM\EPOCHS_qm_rec_calib.hdf,54.710808761921406,45.289191238078594,-4.657430682500807,16.11450356859581,76.58090652366909,0.6106724401412594,0.6827911843543271,-0.40109271923077255,0.00020232508829784592,,54.90996049272967,False,64.2279992537182,False,29.257358320413434,True,39.36951279909468,False,60.710573869740756,False,70.0548659465976,False,45.51473140070333,False,SMA,1,0.7,SMA,0.7,SMA,29.257358320413434
pr_AstroSync,exp,23MM,EPOCHS_qm_rec_calib.hdf,"MATRIX_[8, 15]_robust_concat+reg0.1_qm_rec_calib.hdf","[8, 15]",2,3,2,first5,0.3623472422641333,"C:\Users\hodor\Documents\lab-Shishkin\projects\BCI_classifier\data\pr_AstroSync\features\csp\exp\23MM\MATRIX_[8, 15]_robust_concat+reg0.1_qm_rec_calib.hdf",C:\Users\hodor\Documents\lab-Shishkin\projects\BCI_classifier\data\pr_AstroSync\trans\exp\23MM\EPOCHS_qm_rec_calib.hdf,72.25672305431343,27.743276945686574,-7.688017477518886,-7.2028234506113575,84.22334085685908,-0.5156132146736842,0.5560477074698474,-0.6518849283971799,0.00020860844675539043,,43.36208555301577,False,52.300737081081074,False,27.353537297450057,True,34.781735056878986,True,54.65660966680771,False,63.4582857903327,False,45.506340778500736,False,SMA;left_PMd,2,0.7;0.6,SMA,0.7,SMA,27.353537297450057
pr_AstroSync,exp,23MM,EPOCHS_qm_rec_calib.hdf,"MATRIX_[8, 15]_robust_concat+reg0.1_qm_rec_calib.hdf","[8, 15]",3,4,3,first5,0.3931774678101697,"C:\Users\hodor\Documents\lab-Shishkin\projects\BCI_classifier\data\pr_AstroSync\features\csp\exp\23MM\MATRIX_[8, 15]_robust_concat+reg0.1_qm_rec_calib.hdf",C:\Users\hodor\Documents\lab-Shishkin\projects\BCI_classifier\data\pr_AstroSync\trans\exp\23MM\EPOCHS_qm_rec_calib.hdf,33.809663666212394,66.1903363337876,55.299532017690325,16.01678508714573,62.41078497172843,0.09003226686858398,-0.1348538525465944,0.9867667553053485,0.0001032402301668061,,99.89016868197696,False,108.13476723212415,False,59.68443759487012,False,86.92937457638874,False,44.88778440473981,False,49.018430262236,False,36.92111290658482,False,,0,,,0.0,right_PMd,36.92111290658482
pr_AstroSync,exp,23MM,EPOCHS_qm_rec_calib.hdf,"MATRIX_[8, 15]_robust_concat+reg0.1_qm_rec_calib.hdf","[8, 15]",4,5,4,first5,0.41070199906011207,"C:\Users\hodor\Documents\lab-Shishkin\projects\BCI_classifier\data\pr_AstroSync\features\csp\exp\23MM\MATRIX_[8, 15]_robust_concat+reg0.1_qm_rec_calib.hdf",C:\Users\hodor\Documents\lab-Shishkin\projects\BCI_classifier\data\pr_AstroSync\trans\exp\23MM\EPOCHS_qm_rec_calib.hdf,28.042253376900973,71.95774662309903,-67.43354615237806,1.1072198278910608,51.680513534293816,-0.33172144500657064,-0.4843722982576819,-0.8095334209304296,0.0001055771935234188,,40.46107109960321,False,40.18241489641523,False,68.10089301585636,False,40.70140020285151,False,106.52478078113838,False,113.76933778706444,False,95.96437436642321,False,,0,,,0.0,left_S1,40.18241489641523
pr_AstroSync,exp,23MM,EPOCHS_qm_rec_calib.hdf,"MATRIX_[8, 15]_robust_concat+reg0.1_qm_rec_calib.hdf","[8, 15]",51,52,5,last5,0.6661387312770407,"C:\Users\hodor\Documents\lab-Shishkin\projects\BCI_classifier\data\pr_AstroSync\features\csp\exp\23MM\MATRIX_[8, 15]_robust_concat+reg0.1_qm_rec_calib.hdf",C:\Users\hodor\Documents\lab-Shishkin\projects\BCI_classifier\data\pr_AstroSync\trans\exp\23MM\EPOCHS_qm_rec_calib.hdf,29.356927947693993,70.64307205230601,1.750427451361297,-65.18372621681121,52.029983597990224,0.7966015280357185,-0.5670980919310717,0.20934602852525322,0.00014531540216893983,,56.008527101629646,False,56.14263434941849,False,59.50981886217779,False,64.58194413154624,False,53.71120511679063,False,53.459550876001636,False,63.0458534184263,False,,0,,,0.0,right_S1,53.459550876001636
pr_AstroSync,exp,23MM,EPOCHS_qm_rec_calib.hdf,"MATRIX_[8, 15]_robust_concat+reg0.1_qm_rec_calib.hdf","[8, 15]",52,53,6,last5,0.6764125852827974,"C:\Users\hodor\Documents\lab-Shishkin\projects\BCI_classifier\data\pr_AstroSync\features\csp\exp\23MM\MATRIX_[8, 15]_robust_concat+reg0.1_qm_rec_calib.hdf",C:\Users\hodor\Documents\lab-Shishkin\projects\BCI_classifier\data\pr_AstroSync\trans\exp\23MM\EPOCHS_qm_rec_calib.hdf,39.38717784778938,60.61282215221062,33.82698163257922,-69.49091330996875,32.66312687230954,-0.36671600737505705,-0.38744003136245336,0.8458188884346094,0.00017601758494589635,,86.54386289662352,False,87.65373945200153,False,76.27134389266719,False,90.26803268526074,False,51.173771113512444,False,44.724100054065495,False,66.02799241244904,False,,0,,,0.0,right_S1,44.724100054065495
pr_AstroSync,exp,23MM,EPOCHS_qm_rec_calib.hdf,"MATRIX_[8, 15]_robust_concat+reg0.1_qm_rec_calib.hdf","[8, 15]",53,54,7,last5,0.7121846712335113,"C:\Users\hodor\Documents\lab-Shishkin\projects\BCI_classifier\data\pr_AstroSync\features\csp\exp\23MM\MATRIX_[8, 15]_robust_concat+reg0.1_qm_rec_calib.hdf",C:\Users\hodor\Documents\lab-Shishkin\projects\BCI_classifier\data\pr_AstroSync\trans\exp\23MM\EPOCHS_qm_rec_calib.hdf,52.63105854599457,47.36894145400543,-15.313120109309901,-77.08367010946701,32.398632269090726,-0.7928249251884807,-0.3100222816480216,0.5247045100641262,0.00019841162341055984,,61.66723271456378,False,57.561055985792756,False,77.08962208628945,False,74.09814407880988,False,77.51088237410791,False,76.71948477775142,False,84.88583161026801,False,,0,,,0.0,left_S1,57.561055985792756
pr_AstroSync,exp,23MM,EPOCHS_qm_rec_calib.hdf,"MATRIX_[8, 15]_robust_concat+reg0.1_qm_rec_calib.hdf","[8, 15]",54,55,8,last5,0.7387008818985357,"C:\Users\hodor\Documents\lab-Shishkin\projects\BCI_classifier\data\pr_AstroSync\features\csp\exp\23MM\MATRIX_[8, 15]_robust_concat+reg0.1_qm_rec_calib.hdf",C:\Users\hodor\Documents\lab-Shishkin\projects\BCI_classifier\data\pr_AstroSync\trans\exp\23MM\EPOCHS_qm_rec_calib.hdf,71.3029914649152,28.697008535084805,38.874181882543105,-29.62738184952564,46.9613343162543,0.42188700244629124,0.005398461815218269,-0.9066323476343168,0.00032877967345739675,,75.6274289950613,False,81.03184738933996,False,46.811401711312186,False,70.86322971377447,False,11.028409917881714,True,5.941189700896715,True,25.83967791251164,True,right_M1;right_S1;right_PMd,3,1;0.8;0.6,right_M1,1.0,right_S1,5.941189700896715
pr_AstroSync,exp,23MM,EPOCHS_qm_rec_calib.hdf,"MATRIX_[8, 15]_robust_concat+reg0.1_qm_rec_calib.hdf","[8, 15]",55,56,9,last5,0.8083716186333714,"C:\Users\hodor\Documents\lab-Shishkin\projects\BCI_classifier\data\pr_AstroSync\features\csp\exp\23MM\MATRIX_[8, 15]_robust_concat+reg0.1_qm_rec_calib.hdf",C:\Users\hodor\Documents\lab-Shishkin\projects\BCI_classifier\data\pr_AstroSync\trans\exp\23MM\EPOCHS_qm_rec_calib.hdf,66.75417319209119,33.24582680790881,19.93992745546459,-54.004012153270274,36.12561732413209,-0.6452198138175109,0.6847316916293287,-0.3388715130189237,0.0005056541997748396,,66.51697013366642,False,68.29892559903456,False,56.39569582149706,False,69.35125712905489,False,39.41012258514517,False,36.260659473655565,False,50.757511664464516,False,,0,,,0.0,right_S1,36.260659473655565
