session,record,rank,classifier,band,components,absolute_components,component_assessment_score,balanced accuracy,brier score,probability_plot_brier_score,ranking_score,component_score_values,accuracy,roc-auc,f1,recall,precision,log loss,component_plot,probability_plot,pipeline,sel_comp,TPR,TNR,FPR,FNR,TP,TN,FP,FN,fs,component_score_details
01TG,im_rec_calib.hdf,1,lda,"[9.0, 13.0]","[0, -1]","[0, 55]",5.819,1.0,2.395847909844689e-05,3.6162753888698877e-06,11.637860585610126,"[8.366, 3.272]",1.0,1.0,1.0,1.0,1.0,0.002069515129484228,results\pr_AstroSync\exp\best_band_component_pairs\01TG\im_rec_calib\components\rank_1.png,results\pr_AstroSync\exp\best_band_component_pairs\01TG\im_rec_calib\probabilities\rank_1.png,split_before_csp,"(0, -1)",1.0,1.0,0.0,0.0,5.0,5.0,0.0,0.0,1000.0,"[{'component': 0, 'contra': 6.368, 'ipsi': 1.998, 'component_score': 8.366}, {'component': -1, 'contra': 2.131, 'ipsi': 1.141, 'component_score': 3.272}]"
01TG,im_rec_calib.hdf,2,lda,"[8.0, 12.0]","[0, 1]","[0, 1]",5.4465,1.0,0.0028349683183070055,0.04981603072406843,10.87755934505434,"[7.96, 2.933]",1.0,1.0,1.0,1.0,1.0,0.020833856784223947,results\pr_AstroSync\exp\best_band_component_pairs\01TG\im_rec_calib\components\rank_2.png,results\pr_AstroSync\exp\best_band_component_pairs\01TG\im_rec_calib\probabilities\rank_2.png,split_before_csp,"(0, 1)",1.0,1.0,0.0,0.0,5.0,5.0,0.0,0.0,1000.0,"[{'component': 0, 'contra': 5.861, 'ipsi': 2.099, 'component_score': 7.96}, {'component': 1, 'contra': 0.821, 'ipsi': 2.112, 'component_score': 2.933}]"
01TG,im_rec_calib.hdf,3,lda,"[9.0, 13.0]","[0, 1]","[0, 1]",5.307,1.0,0.008148230012375813,0.027385107564559724,10.570757343324322,"[8.366, 2.248]",1.0,1.0,1.0,1.0,1.0,0.03433399925180631,results\pr_AstroSync\exp\best_band_component_pairs\01TG\im_rec_calib\components\rank_3.png,results\pr_AstroSync\exp\best_band_component_pairs\01TG\im_rec_calib\probabilities\rank_3.png,split_before_csp,"(0, 1)",1.0,1.0,0.0,0.0,5.0,5.0,0.0,0.0,1000.0,"[{'component': 0, 'contra': 6.368, 'ipsi': 1.998, 'component_score': 8.366}, {'component': 1, 'contra': 0.668, 'ipsi': 1.58, 'component_score': 2.248}]"
01TG,qm_rec_calib.hdf,1,lda,"[9.0, 13.0]","[0, -1]","[0, 55]",2.0505,0.6666666666666666,0.2543079062242804,0.02957791142514573,3.5795416382871132,"[2.851, 1.25]",0.6666666666666666,0.7733333333333333,0.708994708994709,0.7333333333333334,0.7314814814814815,1.2380191703929244,results\pr_AstroSync\exp\best_band_component_pairs\01TG\qm_rec_calib\components\rank_1.png,results\pr_AstroSync\exp\best_band_component_pairs\01TG\qm_rec_calib\probabilities\rank_1.png,split_before_csp,"(0, -1)",0.7333333333333334,0.6,0.39999999999999997,0.26666666666666666,3.6666666666666665,3.0,2.0,1.3333333333333333,1000.0,"[{'component': 0, 'contra': 1.779, 'ipsi': 1.072, 'component_score': 2.851}, {'component': -1, 'contra': 0.369, 'ipsi': 0.881, 'component_score': 1.25}]"
01TG,qm_rec_calib.hdf,2,lda,"[9.0, 13.0]","[0, 1]","[0, 1]",2.085,0.6666666666666666,0.3098394228370311,0.1881152623772791,3.52398480338479,"[2.851, 1.319]",0.6666666666666666,0.6933333333333334,0.7252525252525253,0.8666666666666667,0.6444444444444445,2.012028182442847,results\pr_AstroSync\exp\best_band_component_pairs\01TG\qm_rec_calib\components\rank_2.png,results\pr_AstroSync\exp\best_band_component_pairs\01TG\qm_rec_calib\probabilities\rank_2.png,split_before_csp,"(0, 1)",0.8666666666666667,0.4666666666666666,0.5333333333333333,0.13333333333333333,4.333333333333333,2.3333333333333335,2.6666666666666665,0.6666666666666666,1000.0,"[{'component': 0, 'contra': 1.779, 'ipsi': 1.072, 'component_score': 2.851}, {'component': 1, 'contra': 0.59, 'ipsi': 0.729, 'component_score': 1.319}]"
01TG,qm_rec_calib.hdf,3,lda,"[10.0, 14.0]","[0, 1]","[0, 1]",1.8895,0.6333333333333333,0.3061306388984398,0.19044402909113756,3.200566157801398,"[2.702, 1.077]",0.6333333333333333,0.7733333333333334,0.7186147186147186,0.9333333333333332,0.5925925925925926,5.346788286779522,results\pr_AstroSync\exp\best_band_component_pairs\01TG\qm_rec_calib\components\rank_3.png,results\pr_AstroSync\exp\best_band_component_pairs\01TG\qm_rec_calib\probabilities\rank_3.png,split_before_csp,"(0, 1)",0.9333333333333332,0.3333333333333333,0.6666666666666666,0.06666666666666667,4.666666666666667,1.6666666666666667,3.3333333333333335,0.3333333333333333,1000.0,"[{'component': 0, 'contra': 1.737, 'ipsi': 0.965, 'component_score': 2.702}, {'component': 1, 'contra': 0.35, 'ipsi': 0.727, 'component_score': 1.077}]"
02ES,im_rec_calib.hdf,1,lda,"[8.0, 12.0]","[0, -1]","[0, 55]",12.8095,1.0,0.0038645076917953967,0.015348317337935796,25.569497588721948,"[14.743, 10.876]",1.0,1.0,1.0,1.0,1.0,0.015550143710346727,results\pr_AstroSync\exp\best_band_component_pairs\02ES\im_rec_calib\components\rank_1.png,results\pr_AstroSync\exp\best_band_component_pairs\02ES\im_rec_calib\probabilities\rank_1.png,split_before_csp,"(0, -1)",1.0,1.0,0.0,0.0,5.0,5.0,0.0,0.0,1000.0,"[{'component': 0, 'contra': 12.808, 'ipsi': 1.935, 'component_score': 14.743}, {'component': -1, 'contra': 4.481, 'ipsi': 6.395, 'component_score': 10.876}]"
02ES,im_rec_calib.hdf,2,lda,"[9.0, 13.0]","[0, -1]","[0, 55]",12.5275,1.0,4.6747155556983254e-05,0.0035771299520360295,25.05441437500876,"[14.212, 10.843]",1.0,1.0,1.0,1.0,1.0,0.002028912459668049,results\pr_AstroSync\exp\best_band_component_pairs\02ES\im_rec_calib\components\rank_2.png,results\pr_AstroSync\exp\best_band_component_pairs\02ES\im_rec_calib\probabilities\rank_2.png,split_before_csp,"(0, -1)",1.0,1.0,0.0,0.0,5.0,5.0,0.0,0.0,1000.0,"[{'component': 0, 'contra': 12.387, 'ipsi': 1.825, 'component_score': 14.212}, {'component': -1, 'contra': 4.205, 'ipsi': 6.638, 'component_score': 10.843}]"
02ES,im_rec_calib.hdf,3,lda,"[8.0, 15.0]","[0, -1]","[0, 55]",11.2235,1.0,0.0019414146657254884,0.012910353316084425,22.42521053249923,"[12.454999999999998, 9.992]",1.0,1.0,1.0,1.0,1.0,0.009781009508806693,results\pr_AstroSync\exp\best_band_component_pairs\02ES\im_rec_calib\components\rank_3.png,results\pr_AstroSync\exp\best_band_component_pairs\02ES\im_rec_calib\probabilities\rank_3.png,split_before_csp,"(0, -1)",1.0,1.0,0.0,0.0,5.0,5.0,0.0,0.0,1000.0,"[{'component': 0, 'contra': 10.934, 'ipsi': 1.521, 'component_score': 12.454999999999998}, {'component': -1, 'contra': 4.09, 'ipsi': 5.902, 'component_score': 9.992}]"
02ES,qm_rec_calib.hdf,1,lda,"[8.0, 12.0]","[0, -1]","[0, 55]",11.8765,0.9666666666666667,0.03328671315866288,0.019163097204767904,23.35767035117114,"[13.166, 10.587]",0.9666666666666667,0.9866666666666667,0.9629629629629629,0.9333333333333332,1.0,0.22827401616089849,results\pr_AstroSync\exp\best_band_component_pairs\02ES\qm_rec_calib\components\rank_1.png,results\pr_AstroSync\exp\best_band_component_pairs\02ES\qm_rec_calib\probabilities\rank_1.png,split_before_csp,"(0, -1)",0.9333333333333332,1.0,0.0,0.06666666666666667,4.666666666666667,5.0,0.0,0.3333333333333333,1000.0,"[{'component': 0, 'contra': 11.053, 'ipsi': 2.113, 'component_score': 13.166}, {'component': -1, 'contra': 4.468, 'ipsi': 6.119, 'component_score': 10.587}]"
02ES,qm_rec_calib.hdf,2,lda,"[9.0, 13.0]","[0, -1]","[0, 55]",11.684000000000001,0.9666666666666667,0.03336304398331877,0.00662989751346456,22.978186194098907,"[13.393, 9.975000000000001]",0.9666666666666667,0.9866666666666667,0.9629629629629629,0.9333333333333332,1.0,1.2026940417812189,results\pr_AstroSync\exp\best_band_component_pairs\02ES\qm_rec_calib\components\rank_2.png,results\pr_AstroSync\exp\best_band_component_pairs\02ES\qm_rec_calib\probabilities\rank_2.png,split_before_csp,"(0, -1)",0.9333333333333332,1.0,0.0,0.06666666666666667,4.666666666666667,5.0,0.0,0.3333333333333333,1000.0,"[{'component': 0, 'contra': 11.128, 'ipsi': 2.265, 'component_score': 13.393}, {'component': -1, 'contra': 3.979, 'ipsi': 5.996, 'component_score': 9.975000000000001}]"
02ES,qm_rec_calib.hdf,3,lda,"[9.0, 13.0]","[0, 1]","[0, 1]",11.697000000000001,0.9333333333333332,0.042654627483282935,0.11015764305857005,22.895068822328042,"[13.393, 10.001000000000001]",0.9333333333333332,0.9866666666666667,0.9326599326599326,0.9333333333333332,0.9444444444444445,1.2265732466545975,results\pr_AstroSync\exp\best_band_component_pairs\02ES\qm_rec_calib\components\rank_3.png,results\pr_AstroSync\exp\best_band_component_pairs\02ES\qm_rec_calib\probabilities\rank_3.png,split_before_csp,"(0, 1)",0.9333333333333332,0.9333333333333332,0.06666666666666667,0.06666666666666667,4.666666666666667,4.666666666666667,0.3333333333333333,0.3333333333333333,1000.0,"[{'component': 0, 'contra': 11.128, 'ipsi': 2.265, 'component_score': 13.393}, {'component': 1, 'contra': 2.716, 'ipsi': 7.285, 'component_score': 10.001000000000001}]"
03AC,im_rec_calib.hdf,1,lda,"[9.0, 13.0]","[0, -1]","[0, 55]",3.9115,0.9,0.08807911793550026,0.04825761569355984,7.478478530195291,"[5.194, 2.629]",0.9,0.9333333333333332,0.914141414141414,1.0,0.8492063492063492,0.37573830409542536,results\pr_AstroSync\exp\best_band_component_pairs\03AC\im_rec_calib\components\rank_1.png,results\pr_AstroSync\exp\best_band_component_pairs\03AC\im_rec_calib\probabilities\rank_1.png,split_before_csp,"(0, -1)",1.0,0.7999999999999999,0.20000000000000004,0.0,5.0,4.0,1.0,0.0,1000.0,"[{'component': 0, 'contra': 4.804, 'ipsi': 0.39, 'component_score': 5.194}, {'component': -1, 'contra': 1.667, 'ipsi': 0.962, 'component_score': 2.629}]"
03AC,im_rec_calib.hdf,2,lda,"[9.0, 13.0]","[0, 1]","[0, 1]",3.7424999999999997,0.9666666666666667,0.030913765366472293,0.18721882481791102,7.369305233115977,"[5.194, 2.291]",0.9666666666666667,0.9866666666666667,0.9629629629629629,0.9333333333333332,1.0,0.09217532131364642,results\pr_AstroSync\exp\best_band_component_pairs\03AC\im_rec_calib\components\rank_2.png,results\pr_AstroSync\exp\best_band_component_pairs\03AC\im_rec_calib\probabilities\rank_2.png,split_before_csp,"(0, 1)",0.9333333333333332,1.0,0.0,0.06666666666666667,4.666666666666667,5.0,0.0,0.3333333333333333,1000.0,"[{'component': 0, 'contra': 4.804, 'ipsi': 0.39, 'component_score': 5.194}, {'component': 1, 'contra': 0.356, 'ipsi': 1.935, 'component_score': 2.291}]"
03AC,im_rec_calib.hdf,3,lda,"[10.0, 14.0]","[0, 1]","[0, 1]",3.7675,0.8666666666666667,0.10492449332999682,0.14125574803665958,7.139696971379237,"[5.247, 2.288]",0.8666666666666667,0.9733333333333333,0.8727272727272727,0.9333333333333332,0.8222222222222223,0.4291814458394522,results\pr_AstroSync\exp\best_band_component_pairs\03AC\im_rec_calib\components\rank_3.png,results\pr_AstroSync\exp\best_band_component_pairs\03AC\im_rec_calib\probabilities\rank_3.png,split_before_csp,"(0, 1)",0.9333333333333332,0.8000000000000002,0.20000000000000004,0.06666666666666667,4.666666666666667,4.0,1.0,0.3333333333333333,1000.0,"[{'component': 0, 'contra': 4.343, 'ipsi': 0.904, 'component_score': 5.247}, {'component': 1, 'contra': 0.453, 'ipsi': 1.835, 'component_score': 2.288}]"
03AC,qm_rec_calib.hdf,1,lda,"[10.0, 14.0]","[0, 1]","[0, 1]",4.9275,0.9333333333333332,0.04437961761708633,0.19489704848513859,9.636319434191808,"[5.915, 3.9400000000000004]",0.9333333333333332,0.96,0.9259259259259259,0.8666666666666667,1.0,0.4378251784590233,results\pr_AstroSync\exp\best_band_component_pairs\03AC\qm_rec_calib\components\rank_1.png,results\pr_AstroSync\exp\best_band_component_pairs\03AC\qm_rec_calib\probabilities\rank_1.png,split_before_csp,"(0, 1)",0.8666666666666667,1.0,0.0,0.13333333333333333,4.333333333333333,5.0,0.0,0.6666666666666666,1000.0,"[{'component': 0, 'contra': 2.478, 'ipsi': 3.437, 'component_score': 5.915}, {'component': 1, 'contra': 2.873, 'ipsi': 1.067, 'component_score': 3.9400000000000004}]"
03AC,qm_rec_calib.hdf,2,lda,"[8.0, 15.0]","[0, 1]","[0, 1]",4.275,0.9666666666666667,0.03366902248901725,0.16679700105612283,8.406064928859452,"[4.998, 3.552]",0.9666666666666667,1.0,0.9629629629629629,0.9333333333333332,1.0,0.4971250727329604,results\pr_AstroSync\exp\best_band_component_pairs\03AC\qm_rec_calib\components\rank_2.png,results\pr_AstroSync\exp\best_band_component_pairs\03AC\qm_rec_calib\probabilities\rank_2.png,split_before_csp,"(0, 1)",0.9333333333333332,1.0,0.0,0.06666666666666667,4.666666666666667,5.0,0.0,0.3333333333333333,1000.0,"[{'component': 0, 'contra': 1.825, 'ipsi': 3.173, 'component_score': 4.998}, {'component': 1, 'contra': 2.753, 'ipsi': 0.799, 'component_score': 3.552}]"
03AC,qm_rec_calib.hdf,3,lda,"[9.0, 13.0]","[0, 1]","[0, 1]",4.258,0.9666666666666667,0.03578920431577837,0.1969324356284296,8.363609568023415,"[4.551, 3.965]",0.9666666666666667,0.9733333333333333,0.9629629629629629,0.9333333333333332,1.0,0.35896709460772214,results\pr_AstroSync\exp\best_band_component_pairs\03AC\qm_rec_calib\components\rank_3.png,results\pr_AstroSync\exp\best_band_component_pairs\03AC\qm_rec_calib\probabilities\rank_3.png,split_before_csp,"(0, 1)",0.9333333333333332,1.0,0.0,0.06666666666666667,4.666666666666667,5.0,0.0,0.3333333333333333,1000.0,"[{'component': 0, 'contra': 1.671, 'ipsi': 2.88, 'component_score': 4.551}, {'component': 1, 'contra': 3.001, 'ipsi': 0.964, 'component_score': 3.965}]"
04AB,im_rec_calib.hdf,1,lda,"[10.0, 14.0]","[0, -1]","[0, 55]",4.627000000000001,0.9333333333333332,0.06515409833065332,0.028108623645957863,8.952531987024068,"[6.639, 2.615]",0.9333333333333332,0.9866666666666667,0.9333333333333332,0.9333333333333332,0.9333333333333332,0.2720291873034681,results\pr_AstroSync\exp\best_band_component_pairs\04AB\im_rec_calib\components\rank_1.png,results\pr_AstroSync\exp\best_band_component_pairs\04AB\im_rec_calib\probabilities\rank_1.png,split_before_csp,"(0, -1)",0.9333333333333332,0.9333333333333332,0.06666666666666667,0.06666666666666667,4.666666666666667,4.666666666666667,0.3333333333333333,0.3333333333333333,1000.0,"[{'component': 0, 'contra': 6.163, 'ipsi': 0.476, 'component_score': 6.639}, {'component': -1, 'contra': 0.866, 'ipsi': 1.749, 'component_score': 2.615}]"
04AB,im_rec_calib.hdf,2,lda,"[9.0, 13.0]","[0, -1]","[0, 55]",4.4245,0.9333333333333332,0.04713266499044616,0.028130180065272535,8.64046152374977,"[6.801, 2.048]",0.9333333333333332,0.9866666666666667,0.9333333333333332,0.9333333333333332,0.9333333333333332,0.1382208004855347,results\pr_AstroSync\exp\best_band_component_pairs\04AB\im_rec_calib\components\rank_2.png,results\pr_AstroSync\exp\best_band_component_pairs\04AB\im_rec_calib\probabilities\rank_2.png,split_before_csp,"(0, -1)",0.9333333333333332,0.9333333333333332,0.06666666666666667,0.06666666666666667,4.666666666666667,4.666666666666667,0.3333333333333333,0.3333333333333333,1000.0,"[{'component': 0, 'contra': 6.214, 'ipsi': 0.587, 'component_score': 6.801}, {'component': -1, 'contra': 0.83, 'ipsi': 1.218, 'component_score': 2.048}]"
04AB,im_rec_calib.hdf,3,lda,"[9.0, 13.0]","[0, 1]","[0, 1]",4.176,0.9,0.08551879441595929,0.1417870610524047,7.994873514518955,"[6.801, 1.551]",0.9,0.9466666666666667,0.8863636363636364,0.8666666666666667,0.9444444444444445,0.45393334370541744,results\pr_AstroSync\exp\best_band_component_pairs\04AB\im_rec_calib\components\rank_3.png,results\pr_AstroSync\exp\best_band_component_pairs\04AB\im_rec_calib\probabilities\rank_3.png,split_before_csp,"(0, 1)",0.8666666666666667,0.9333333333333332,0.06666666666666667,0.13333333333333333,4.333333333333333,4.666666666666667,0.3333333333333333,0.6666666666666666,1000.0,"[{'component': 0, 'contra': 6.214, 'ipsi': 0.587, 'component_score': 6.801}, {'component': 1, 'contra': 1.143, 'ipsi': 0.408, 'component_score': 1.551}]"
04AB,qm_rec_calib.hdf,1,lda,"[9.0, 13.0]","[0, 1]","[0, 1]",4.1495,0.7333333333333334,0.22831574465569618,0.2384747353485513,7.3516038175511875,"[4.273, 4.026]",0.7333333333333334,0.7733333333333334,0.7146464646464646,0.6666666666666666,0.8055555555555555,0.9479702122401523,results\pr_AstroSync\exp\best_band_component_pairs\04AB\qm_rec_calib\components\rank_1.png,results\pr_AstroSync\exp\best_band_component_pairs\04AB\qm_rec_calib\probabilities\rank_1.png,split_before_csp,"(0, 1)",0.6666666666666666,0.7999999999999999,0.20000000000000004,0.3333333333333333,3.3333333333333335,4.0,1.0,1.6666666666666667,1000.0,"[{'component': 0, 'contra': 2.494, 'ipsi': 1.779, 'component_score': 4.273}, {'component': 1, 'contra': 0.922, 'ipsi': 3.104, 'component_score': 4.026}]"
04AB,qm_rec_calib.hdf,2,lda,"[10.0, 14.0]","[0, 1]","[0, 1]",4.0280000000000005,0.7333333333333334,0.23677508161243369,0.21641793875436424,7.102269971265118,"[4.45, 3.606]",0.7333333333333334,0.6533333333333334,0.6626984126984127,0.5333333333333333,0.9166666666666666,1.4008358678703994,results\pr_AstroSync\exp\best_band_component_pairs\04AB\qm_rec_calib\components\rank_2.png,results\pr_AstroSync\exp\best_band_component_pairs\04AB\qm_rec_calib\probabilities\rank_2.png,split_before_csp,"(0, 1)",0.5333333333333333,0.9333333333333332,0.06666666666666667,0.4666666666666666,2.6666666666666665,4.666666666666667,0.3333333333333333,2.3333333333333335,1000.0,"[{'component': 0, 'contra': 3.073, 'ipsi': 1.377, 'component_score': 4.45}, {'component': 1, 'contra': 0.799, 'ipsi': 2.807, 'component_score': 3.606}]"
04AB,qm_rec_calib.hdf,3,lda,"[8.0, 12.0]","[0, 1]","[0, 1]",3.9379999999999997,0.6333333333333333,0.2894564223583013,0.2491036659744695,6.7361206087530086,"[3.98, 3.896]",0.6333333333333333,0.7200000000000001,0.5945165945165946,0.5333333333333333,0.75,1.277909928926273,results\pr_AstroSync\exp\best_band_component_pairs\04AB\qm_rec_calib\components\rank_3.png,results\pr_AstroSync\exp\best_band_component_pairs\04AB\qm_rec_calib\probabilities\rank_3.png,split_before_csp,"(0, 1)",0.5333333333333333,0.7333333333333334,0.26666666666666666,0.4666666666666666,2.6666666666666665,3.6666666666666665,1.3333333333333333,2.3333333333333335,1000.0,"[{'component': 0, 'contra': 1.609, 'ipsi': 2.371, 'component_score': 3.98}, {'component': 1, 'contra': 1.403, 'ipsi': 2.493, 'component_score': 3.896}]"
06KK,im_rec_calib.hdf,1,lda,"[10.0, 14.0]","[0, 1]","[0, 1]",2.414,0.8666666666666667,0.117351975697088,0.16461175644761478,4.54471233066723,"[2.588, 2.24]",0.8666666666666667,0.9066666666666667,0.8585858585858586,0.8666666666666667,0.8611111111111112,0.5799664645909081,results\pr_AstroSync\exp\best_band_component_pairs\06KK\im_rec_calib\components\rank_1.png,results\pr_AstroSync\exp\best_band_component_pairs\06KK\im_rec_calib\probabilities\rank_1.png,split_before_csp,"(0, 1)",0.8666666666666667,0.8666666666666667,0.13333333333333333,0.13333333333333333,4.333333333333333,4.333333333333333,0.6666666666666666,0.6666666666666666,1000.0,"[{'component': 0, 'contra': 2.325, 'ipsi': 0.263, 'component_score': 2.588}, {'component': 1, 'contra': 1.095, 'ipsi': 1.145, 'component_score': 2.24}]"
06KK,im_rec_calib.hdf,2,lda,"[10.0, 14.0]","[0, 1, -1]","[0, 1, 55]",2.279333333333333,0.7999999999999999,0.1890787872349302,0.036117826384041415,4.127693084295849,"[2.588, 2.24, 2.01]",0.7999999999999999,0.88,0.6944444444444443,0.6,1.0,3.1317220063743156,results\pr_AstroSync\exp\best_band_component_pairs\06KK\im_rec_calib\components\rank_2.png,results\pr_AstroSync\exp\best_band_component_pairs\06KK\im_rec_calib\probabilities\rank_2.png,split_before_csp,"(0, 1, -1)",0.6,1.0,0.0,0.4000000000000001,3.0,5.0,0.0,2.0,1000.0,"[{'component': 0, 'contra': 2.325, 'ipsi': 0.263, 'component_score': 2.588}, {'component': 1, 'contra': 1.095, 'ipsi': 1.145, 'component_score': 2.24}, {'component': -1, 'contra': 0.255, 'ipsi': 1.755, 'component_score': 2.01}]"
06KK,im_rec_calib.hdf,3,lda,"[9.0, 13.0]","[0, -2, -1]","[0, 54, 55]",2.188333333333333,0.7999999999999999,0.1400609035869346,0.027135532382310312,4.07016672265059,"[2.4570000000000003, 2.226, 1.8820000000000001]",0.7999999999999999,0.92,0.797979797979798,0.7999999999999999,0.8055555555555555,0.612536247089806,results\pr_AstroSync\exp\best_band_component_pairs\06KK\im_rec_calib\components\rank_3.png,results\pr_AstroSync\exp\best_band_component_pairs\06KK\im_rec_calib\probabilities\rank_3.png,split_before_csp,"(0, -2, -1)",0.7999999999999999,0.7999999999999999,0.20000000000000004,0.20000000000000004,4.0,4.0,1.0,1.0,1000.0,"[{'component': 0, 'contra': 2.035, 'ipsi': 0.422, 'component_score': 2.4570000000000003}, {'component': -2, 'contra': 1.453, 'ipsi': 0.773, 'component_score': 2.226}, {'component': -1, 'contra': 0.433, 'ipsi': 1.449, 'component_score': 1.8820000000000001}]"
06KK,qm_rec_calib.hdf,1,lda,"[9.0, 13.0]","[0, -1]","[0, 55]",4.553,0.8666666666666667,0.09744613503934685,0.02258368569004656,8.662327747165854,"[4.104, 5.002]",0.8666666666666667,0.9866666666666667,0.8777777777777778,0.9333333333333332,0.8380952380952381,0.3380305252336626,results\pr_AstroSync\exp\best_band_component_pairs\06KK\qm_rec_calib\components\rank_1.png,results\pr_AstroSync\exp\best_band_component_pairs\06KK\qm_rec_calib\probabilities\rank_1.png,split_before_csp,"(0, -1)",0.9333333333333332,0.7999999999999999,0.20000000000000004,0.06666666666666667,4.666666666666667,4.0,1.0,0.3333333333333333,1000.0,"[{'component': 0, 'contra': 3.835, 'ipsi': 0.269, 'component_score': 4.104}, {'component': -1, 'contra': 1.764, 'ipsi': 3.238, 'component_score': 5.002}]"
06KK,qm_rec_calib.hdf,2,lda,"[9.0, 13.0]","[0, 1, -1]","[0, 1, 55]",4.2379999999999995,0.8666666666666667,0.09945739328217162,0.02417299375586985,8.054499567270156,"[4.104, 3.608, 5.002]",0.8666666666666667,0.9866666666666667,0.8777777777777778,0.9333333333333332,0.8380952380952381,0.38030053502113254,results\pr_AstroSync\exp\best_band_component_pairs\06KK\qm_rec_calib\components\rank_2.png,results\pr_AstroSync\exp\best_band_component_pairs\06KK\qm_rec_calib\probabilities\rank_2.png,split_before_csp,"(0, 1, -1)",0.9333333333333332,0.7999999999999999,0.20000000000000004,0.06666666666666667,4.666666666666667,4.0,1.0,0.3333333333333333,1000.0,"[{'component': 0, 'contra': 3.835, 'ipsi': 0.269, 'component_score': 4.104}, {'component': 1, 'contra': 1.826, 'ipsi': 1.782, 'component_score': 3.608}, {'component': -1, 'contra': 1.764, 'ipsi': 3.238, 'component_score': 5.002}]"
06KK,qm_rec_calib.hdf,3,lda,"[10.0, 14.0]","[0, -1]","[0, 55]",4.067,0.9333333333333332,0.056859145587680314,0.024971175794805997,7.902753854894905,"[4.433, 3.7010000000000005]",0.9333333333333332,0.9733333333333333,0.9326599326599326,0.9333333333333332,0.9444444444444445,1.26473333791878,results\pr_AstroSync\exp\best_band_component_pairs\06KK\qm_rec_calib\components\rank_3.png,results\pr_AstroSync\exp\best_band_component_pairs\06KK\qm_rec_calib\probabilities\rank_3.png,split_before_csp,"(0, -1)",0.9333333333333332,0.9333333333333332,0.06666666666666667,0.06666666666666667,4.666666666666667,4.666666666666667,0.3333333333333333,0.3333333333333333,1000.0,"[{'component': 0, 'contra': 4.092, 'ipsi': 0.341, 'component_score': 4.433}, {'component': -1, 'contra': 1.227, 'ipsi': 2.474, 'component_score': 3.7010000000000005}]"
07TS,im_rec_calib.hdf,1,lda,"[10.0, 14.0]","[0, 1]","[0, 1]",3.279,0.7000000000000001,0.1931855066568977,0.2154883580300601,5.9245447236720326,"[4.144, 2.414]",0.7000000000000001,0.8533333333333334,0.7345247345247344,0.7999999999999999,0.7083333333333334,0.5420687153530309,results\pr_AstroSync\exp\best_band_component_pairs\07TS\im_rec_calib\components\rank_1.png,results\pr_AstroSync\exp\best_band_component_pairs\07TS\im_rec_calib\probabilities\rank_1.png,split_before_csp,"(0, 1)",0.7999999999999999,0.6,0.39999999999999997,0.20000000000000004,4.0,3.0,2.0,1.0,1000.0,"[{'component': 0, 'contra': 3.558, 'ipsi': 0.586, 'component_score': 4.144}, {'component': 1, 'contra': 0.582, 'ipsi': 1.832, 'component_score': 2.414}]"
07TS,im_rec_calib.hdf,2,lda,"[8.0, 15.0]","[0, 1]","[0, 1]",2.6585,0.7333333333333334,0.1993245324472175,0.19714972518771906,4.787095730489073,"[3.431, 1.886]",0.7333333333333334,0.7999999999999999,0.7515151515151516,0.8000000000000002,0.7111111111111111,0.6482692633377317,results\pr_AstroSync\exp\best_band_component_pairs\07TS\im_rec_calib\components\rank_2.png,results\pr_AstroSync\exp\best_band_component_pairs\07TS\im_rec_calib\probabilities\rank_2.png,split_before_csp,"(0, 1)",0.8000000000000002,0.6666666666666666,0.3333333333333333,0.20000000000000004,4.0,3.3333333333333335,1.6666666666666667,1.0,1000.0,"[{'component': 0, 'contra': 3.015, 'ipsi': 0.416, 'component_score': 3.431}, {'component': 1, 'contra': 0.446, 'ipsi': 1.44, 'component_score': 1.886}]"
07TS,im_rec_calib.hdf,3,lda,"[10.0, 14.0]","[0, -1]","[0, 55]",2.622,0.7000000000000001,0.19406229680664208,0.02610763358547525,4.735168657772984,"[4.144, 1.1]",0.7000000000000001,0.8666666666666667,0.5682539682539682,0.46666666666666673,0.9333333333333332,0.5777000732660299,results\pr_AstroSync\exp\best_band_component_pairs\07TS\im_rec_calib\components\rank_3.png,results\pr_AstroSync\exp\best_band_component_pairs\07TS\im_rec_calib\probabilities\rank_3.png,split_before_csp,"(0, -1)",0.46666666666666673,0.9333333333333332,0.06666666666666667,0.5333333333333333,2.3333333333333335,4.666666666666667,0.3333333333333333,2.6666666666666665,1000.0,"[{'component': 0, 'contra': 3.558, 'ipsi': 0.586, 'component_score': 4.144}, {'component': -1, 'contra': 0.404, 'ipsi': 0.696, 'component_score': 1.1}]"
07TS,qm_rec_calib.hdf,1,lda,"[10.0, 14.0]","[0, 1]","[0, 1]",3.024,0.7999999999999999,0.15653843412848575,0.240738884699463,5.574627775195459,"[3.404, 2.644]",0.7999999999999999,0.92,0.8193732193732194,0.8666666666666667,0.8083333333333332,0.5238029333767668,results\pr_AstroSync\exp\best_band_component_pairs\07TS\qm_rec_calib\components\rank_1.png,results\pr_AstroSync\exp\best_band_component_pairs\07TS\qm_rec_calib\probabilities\rank_1.png,split_before_csp,"(0, 1)",0.8666666666666667,0.7333333333333334,0.26666666666666666,0.13333333333333333,4.333333333333333,3.6666666666666665,1.3333333333333333,0.6666666666666666,1000.0,"[{'component': 0, 'contra': 1.609, 'ipsi': 1.795, 'component_score': 3.404}, {'component': 1, 'contra': 1.178, 'ipsi': 1.466, 'component_score': 2.644}]"
07TS,qm_rec_calib.hdf,2,lda,"[10.0, 14.0]","[0, 1, -1]","[0, 1, 55]",2.2756666666666665,0.8333333333333334,0.15645095525057226,0.12352836877370432,4.195303109501448,"[3.404, 2.644, 0.779]",0.8333333333333334,0.92,0.849002849002849,0.8666666666666667,0.875,0.5176033878124318,results\pr_AstroSync\exp\best_band_component_pairs\07TS\qm_rec_calib\components\rank_2.png,results\pr_AstroSync\exp\best_band_component_pairs\07TS\qm_rec_calib\probabilities\rank_2.png,split_before_csp,"(0, 1, -1)",0.8666666666666667,0.7999999999999999,0.19999999999999998,0.13333333333333333,4.333333333333333,4.0,1.0,0.6666666666666666,1000.0,"[{'component': 0, 'contra': 1.609, 'ipsi': 1.795, 'component_score': 3.404}, {'component': 1, 'contra': 1.178, 'ipsi': 1.466, 'component_score': 2.644}, {'component': -1, 'contra': 0.32, 'ipsi': 0.459, 'component_score': 0.779}]"
07TS,qm_rec_calib.hdf,3,lda,"[10.0, 14.0]","[0, -1]","[0, 55]",2.0915,0.8666666666666667,0.10878241145678257,0.12657383717084766,3.955481586438139,"[3.404, 0.779]",0.8666666666666667,0.9733333333333333,0.8771043771043772,0.9333333333333332,0.8492063492063492,0.33533648188858606,results\pr_AstroSync\exp\best_band_component_pairs\07TS\qm_rec_calib\components\rank_3.png,results\pr_AstroSync\exp\best_band_component_pairs\07TS\qm_rec_calib\probabilities\rank_3.png,split_before_csp,"(0, -1)",0.9333333333333332,0.7999999999999999,0.20000000000000004,0.06666666666666667,4.666666666666667,4.0,1.0,0.3333333333333333,1000.0,"[{'component': 0, 'contra': 1.609, 'ipsi': 1.795, 'component_score': 3.404}, {'component': -1, 'contra': 0.32, 'ipsi': 0.459, 'component_score': 0.779}]"
10AS,im_rec_calib.hdf,1,lda,"[9.0, 13.0]","[0, -1]","[0, 55]",6.6255,0.9666666666666667,0.03330852248984779,0.002053150444534413,13.030314384243514,"[6.2940000000000005, 6.956999999999999]",0.9666666666666667,0.9866666666666667,0.9696969696969697,1.0,0.9444444444444445,0.2616652858534199,results\pr_AstroSync\exp\best_band_component_pairs\10AS\im_rec_calib\components\rank_1.png,results\pr_AstroSync\exp\best_band_component_pairs\10AS\im_rec_calib\probabilities\rank_1.png,split_before_csp,"(0, -1)",1.0,0.9333333333333332,0.06666666666666667,0.0,5.0,4.666666666666667,0.3333333333333333,0.0,1000.0,"[{'component': 0, 'contra': 5.136, 'ipsi': 1.158, 'component_score': 6.2940000000000005}, {'component': -1, 'contra': 2.804, 'ipsi': 4.153, 'component_score': 6.956999999999999}]"
10AS,im_rec_calib.hdf,2,lda,"[8.0, 12.0]","[0, -1]","[0, 55]",6.1015,0.9666666666666667,0.028375570007217975,2.6823243493750967e-07,12.02986645960096,"[4.952, 7.2509999999999994]",0.9666666666666667,1.0,0.9696969696969697,1.0,0.9444444444444445,0.08596460912001351,results\pr_AstroSync\exp\best_band_component_pairs\10AS\im_rec_calib\components\rank_2.png,results\pr_AstroSync\exp\best_band_component_pairs\10AS\im_rec_calib\probabilities\rank_2.png,split_before_csp,"(0, -1)",1.0,0.9333333333333332,0.06666666666666667,0.0,5.0,4.666666666666667,0.3333333333333333,0.0,1000.0,"[{'component': 0, 'contra': 4.618, 'ipsi': 0.334, 'component_score': 4.952}, {'component': -1, 'contra': 2.957, 'ipsi': 4.294, 'component_score': 7.2509999999999994}]"
10AS,im_rec_calib.hdf,3,lda,"[8.0, 15.0]","[0, -1]","[0, 55]",5.994,1.0,4.717695219612505e-09,4.406854769600756e-06,11.987999971722134,"[5.397, 6.591]",1.0,1.0,1.0,1.0,1.0,2.120308876314391e-05,results\pr_AstroSync\exp\best_band_component_pairs\10AS\im_rec_calib\components\rank_3.png,results\pr_AstroSync\exp\best_band_component_pairs\10AS\im_rec_calib\probabilities\rank_3.png,split_before_csp,"(0, -1)",1.0,1.0,0.0,0.0,5.0,5.0,0.0,0.0,1000.0,"[{'component': 0, 'contra': 4.465, 'ipsi': 0.932, 'component_score': 5.397}, {'component': -1, 'contra': 2.738, 'ipsi': 3.853, 'component_score': 6.591}]"
10AS,qm_rec_calib.hdf,1,lda,"[9.0, 13.0]","[0, -1]","[0, 55]",6.521,0.9666666666666667,0.03333334649411854,0.02489569145359562,12.824633247511853,"[6.776, 6.266]",0.9666666666666667,0.9866666666666667,0.9629629629629629,0.9333333333333332,1.0,0.6169324769283026,results\pr_AstroSync\exp\best_band_component_pairs\10AS\qm_rec_calib\components\rank_1.png,results\pr_AstroSync\exp\best_band_component_pairs\10AS\qm_rec_calib\probabilities\rank_1.png,split_before_csp,"(0, -1)",0.9333333333333332,1.0,0.0,0.06666666666666667,4.666666666666667,5.0,0.0,0.3333333333333333,1000.0,"[{'component': 0, 'contra': 4.885, 'ipsi': 1.891, 'component_score': 6.776}, {'component': -1, 'contra': 2.745, 'ipsi': 3.521, 'component_score': 6.266}]"
10AS,qm_rec_calib.hdf,2,lda,"[8.0, 12.0]","[0, -1]","[0, 55]",6.4395,0.9666666666666667,0.033332951009013394,0.02258797199089386,12.664352461977458,"[5.471, 7.4079999999999995]",0.9666666666666667,1.0,0.9629629629629629,0.9333333333333332,1.0,0.40184079805943057,results\pr_AstroSync\exp\best_band_component_pairs\10AS\qm_rec_calib\components\rank_2.png,results\pr_AstroSync\exp\best_band_component_pairs\10AS\qm_rec_calib\probabilities\rank_2.png,split_before_csp,"(0, -1)",0.9333333333333332,1.0,0.0,0.06666666666666667,4.666666666666667,5.0,0.0,0.3333333333333333,1000.0,"[{'component': 0, 'contra': 4.289, 'ipsi': 1.182, 'component_score': 5.471}, {'component': -1, 'contra': 3.32, 'ipsi': 4.088, 'component_score': 7.4079999999999995}]"
10AS,qm_rec_calib.hdf,3,lda,"[8.0, 15.0]","[0, -1]","[0, 55]",6.211,0.9666666666666667,0.03333330113112752,0.024898863758957536,12.214966866674569,"[5.93, 6.492]",0.9666666666666667,1.0,0.9629629629629629,0.9333333333333332,1.0,0.48202049706545286,results\pr_AstroSync\exp\best_band_component_pairs\10AS\qm_rec_calib\components\rank_3.png,results\pr_AstroSync\exp\best_band_component_pairs\10AS\qm_rec_calib\probabilities\rank_3.png,split_before_csp,"(0, -1)",0.9333333333333332,1.0,0.0,0.06666666666666667,4.666666666666667,5.0,0.0,0.3333333333333333,1000.0,"[{'component': 0, 'contra': 4.276, 'ipsi': 1.654, 'component_score': 5.93}, {'component': -1, 'contra': 2.853, 'ipsi': 3.639, 'component_score': 6.492}]"
13AU,im_rec_calib.hdf,1,lda,"[10.0, 14.0]","[0, 1]","[0, 1]",3.399,0.9666666666666667,0.019294676872713117,0.21619388450512772,6.732417393309648,"[4.313000000000001, 2.485]",0.9666666666666667,1.0,0.9629629629629629,0.9333333333333332,1.0,0.053442680006276645,results\pr_AstroSync\exp\best_band_component_pairs\13AU\im_rec_calib\components\rank_1.png,results\pr_AstroSync\exp\best_band_component_pairs\13AU\im_rec_calib\probabilities\rank_1.png,split_before_csp,"(0, 1)",0.9333333333333332,1.0,0.0,0.06666666666666667,4.666666666666667,5.0,0.0,0.3333333333333333,1000.0,"[{'component': 0, 'contra': 0.96, 'ipsi': 3.353, 'component_score': 4.313000000000001}, {'component': 1, 'contra': 2.129, 'ipsi': 0.356, 'component_score': 2.485}]"
13AU,im_rec_calib.hdf,2,lda,"[10.0, 14.0]","[0, -1]","[0, 55]",3.3995000000000006,0.9666666666666667,0.019886778341409422,2.7396176674020325e-07,6.73139489702838,"[4.313000000000001, 2.486]",0.9666666666666667,1.0,0.9629629629629629,0.9333333333333332,1.0,0.06213419289977434,results\pr_AstroSync\exp\best_band_component_pairs\13AU\im_rec_calib\components\rank_2.png,results\pr_AstroSync\exp\best_band_component_pairs\13AU\im_rec_calib\probabilities\rank_2.png,split_before_csp,"(0, -1)",0.9333333333333332,1.0,0.0,0.06666666666666667,4.666666666666667,5.0,0.0,0.3333333333333333,1000.0,"[{'component': 0, 'contra': 0.96, 'ipsi': 3.353, 'component_score': 4.313000000000001}, {'component': -1, 'contra': 0.513, 'ipsi': 1.973, 'component_score': 2.486}]"
13AU,im_rec_calib.hdf,3,lda,"[10.0, 14.0]","[0, -2, -1]","[0, 54, 55]",3.3250000000000006,1.0,7.340811211298852e-05,7.774946347188748e-09,6.649755918027226,"[4.313000000000001, 3.176, 2.486]",1.0,1.0,1.0,1.0,1.0,0.0016484721225287606,results\pr_AstroSync\exp\best_band_component_pairs\13AU\im_rec_calib\components\rank_3.png,results\pr_AstroSync\exp\best_band_component_pairs\13AU\im_rec_calib\probabilities\rank_3.png,split_before_csp,"(0, -2, -1)",1.0,1.0,0.0,0.0,5.0,5.0,0.0,0.0,1000.0,"[{'component': 0, 'contra': 0.96, 'ipsi': 3.353, 'component_score': 4.313000000000001}, {'component': -2, 'contra': 2.266, 'ipsi': 0.91, 'component_score': 3.176}, {'component': -1, 'contra': 0.513, 'ipsi': 1.973, 'component_score': 2.486}]"
14BE,im_rec_calib.hdf,1,lda,"[9.0, 13.0]","[0, -1]","[0, 55]",2.371,0.9666666666666667,0.019097425915173133,0.00016001829856347396,4.696720003155125,"[3.7039999999999997, 1.038]",0.9666666666666667,1.0,0.9696969696969697,1.0,0.9444444444444445,0.04715612502010397,results\pr_AstroSync\exp\best_band_component_pairs\14BE\im_rec_calib\components\rank_1.png,results\pr_AstroSync\exp\best_band_component_pairs\14BE\im_rec_calib\probabilities\rank_1.png,split_before_csp,"(0, -1)",1.0,0.9333333333333332,0.06666666666666667,0.0,5.0,4.666666666666667,0.3333333333333333,0.0,1000.0,"[{'component': 0, 'contra': 2.697, 'ipsi': 1.007, 'component_score': 3.7039999999999997}, {'component': -1, 'contra': 0.528, 'ipsi': 0.51, 'component_score': 1.038}]"
14BE,im_rec_calib.hdf,2,lda,"[10.0, 14.0]","[0, -1]","[0, 55]",2.3274999999999997,1.0,0.007623580693716964,3.2510666161445135e-07,4.637256115935373,"[3.663, 0.992]",1.0,1.0,1.0,1.0,1.0,0.02172940912769573,results\pr_AstroSync\exp\best_band_component_pairs\14BE\im_rec_calib\components\rank_2.png,results\pr_AstroSync\exp\best_band_component_pairs\14BE\im_rec_calib\probabilities\rank_2.png,split_before_csp,"(0, -1)",1.0,1.0,0.0,0.0,5.0,5.0,0.0,0.0,1000.0,"[{'component': 0, 'contra': 2.63, 'ipsi': 1.033, 'component_score': 3.663}, {'component': -1, 'contra': 0.497, 'ipsi': 0.495, 'component_score': 0.992}]"
14BE,im_rec_calib.hdf,3,lda,"[8.0, 12.0]","[0, -1]","[0, 55]",2.1875,0.9666666666666667,0.03330132981900364,0.007064952714148244,4.302153341020929,"[3.2190000000000003, 1.156]",0.9666666666666667,1.0,0.9696969696969697,1.0,0.9444444444444445,0.25340338054649,results\pr_AstroSync\exp\best_band_component_pairs\14BE\im_rec_calib\components\rank_3.png,results\pr_AstroSync\exp\best_band_component_pairs\14BE\im_rec_calib\probabilities\rank_3.png,split_before_csp,"(0, -1)",1.0,0.9333333333333332,0.06666666666666667,0.0,5.0,4.666666666666667,0.3333333333333333,0.0,1000.0,"[{'component': 0, 'contra': 2.341, 'ipsi': 0.878, 'component_score': 3.2190000000000003}, {'component': -1, 'contra': 0.591, 'ipsi': 0.565, 'component_score': 1.156}]"
14BE,qm_rec_calib.hdf,1,lda,"[10.0, 14.0]","[0, 1]","[0, 1]",0.9445,0.9,0.08560951598391459,0.14332970059875386,1.8081418121531927,"[1.008, 0.881]",0.9,1.0,0.914141414141414,1.0,0.8492063492063492,0.4111156974782124,results\pr_AstroSync\exp\best_band_component_pairs\14BE\qm_rec_calib\components\rank_1.png,results\pr_AstroSync\exp\best_band_component_pairs\14BE\qm_rec_calib\probabilities\rank_1.png,split_before_csp,"(0, 1)",1.0,0.7999999999999999,0.20000000000000004,0.0,5.0,4.0,1.0,0.0,1000.0,"[{'component': 0, 'contra': 0.697, 'ipsi': 0.311, 'component_score': 1.008}, {'component': 1, 'contra': 0.424, 'ipsi': 0.457, 'component_score': 0.881}]"
14BE,qm_rec_calib.hdf,2,lda,"[10.0, 14.0]","[0, 1, -2, -1]","[0, 1, 54, 55]",0.7855,1.0,8.254162977703491e-26,5.295791985853959e-29,1.571,"[1.008, 0.881, 1.119, 0.134]",1.0,1.0,1.0,1.0,1.0,8.093525849521517e-14,results\pr_AstroSync\exp\best_band_component_pairs\14BE\qm_rec_calib\components\rank_2.png,results\pr_AstroSync\exp\best_band_component_pairs\14BE\qm_rec_calib\probabilities\rank_2.png,split_before_csp,"(0, 1, -2, -1)",1.0,1.0,0.0,0.0,5.0,5.0,0.0,0.0,1000.0,"[{'component': 0, 'contra': 0.697, 'ipsi': 0.311, 'component_score': 1.008}, {'component': 1, 'contra': 0.424, 'ipsi': 0.457, 'component_score': 0.881}, {'component': -2, 'contra': 0.549, 'ipsi': 0.57, 'component_score': 1.119}, {'component': -1, 'contra': 0.06, 'ipsi': 0.074, 'component_score': 0.134}]"
14BE,qm_rec_calib.hdf,3,lda,"[10.0, 14.0]","[0, -2, -1]","[0, 54, 55]",0.7536666666666666,0.9666666666666667,0.03586470682971387,5.7663533679667116e-30,1.4803032992860057,"[1.008, 1.119, 0.134]",0.9666666666666667,1.0,0.9629629629629629,0.9333333333333332,1.0,0.11080627910345685,results\pr_AstroSync\exp\best_band_component_pairs\14BE\qm_rec_calib\components\rank_3.png,results\pr_AstroSync\exp\best_band_component_pairs\14BE\qm_rec_calib\probabilities\rank_3.png,split_before_csp,"(0, -2, -1)",0.9333333333333332,1.0,0.0,0.06666666666666667,4.666666666666667,5.0,0.0,0.3333333333333333,1000.0,"[{'component': 0, 'contra': 0.697, 'ipsi': 0.311, 'component_score': 1.008}, {'component': -2, 'contra': 0.549, 'ipsi': 0.57, 'component_score': 1.119}, {'component': -1, 'contra': 0.06, 'ipsi': 0.074, 'component_score': 0.134}]"
15AZ,im_rec_calib.hdf,1,lda,"[8.0, 12.0]","[0, -1]","[0, 55]",7.234999999999999,1.0,1.3517109692118601e-05,7.977502450158922e-05,14.469902203711376,"[6.479, 7.991]",1.0,1.0,1.0,1.0,1.0,0.0007113203062599211,results\pr_AstroSync\exp\best_band_component_pairs\15AZ\im_rec_calib\components\rank_1.png,results\pr_AstroSync\exp\best_band_component_pairs\15AZ\im_rec_calib\probabilities\rank_1.png,split_before_csp,"(0, -1)",1.0,1.0,0.0,0.0,5.0,5.0,0.0,0.0,1000.0,"[{'component': 0, 'contra': 3.548, 'ipsi': 2.931, 'component_score': 6.479}, {'component': -1, 'contra': 2.953, 'ipsi': 5.038, 'component_score': 7.991}]"
15AZ,im_rec_calib.hdf,2,lda,"[9.0, 13.0]","[0, -1]","[0, 55]",7.164,1.0,3.2072508401333536e-09,0.0006282342625723181,14.327999977023254,"[6.0169999999999995, 8.311]",1.0,1.0,1.0,1.0,1.0,1.2102740625776916e-05,results\pr_AstroSync\exp\best_band_component_pairs\15AZ\im_rec_calib\components\rank_2.png,results\pr_AstroSync\exp\best_band_component_pairs\15AZ\im_rec_calib\probabilities\rank_2.png,split_before_csp,"(0, -1)",1.0,1.0,0.0,0.0,5.0,5.0,0.0,0.0,1000.0,"[{'component': 0, 'contra': 3.178, 'ipsi': 2.839, 'component_score': 6.0169999999999995}, {'component': -1, 'contra': 3.057, 'ipsi': 5.254, 'component_score': 8.311}]"
15AZ,im_rec_calib.hdf,3,lda,"[10.0, 14.0]","[0, -1]","[0, 55]",7.0089999999999995,1.0,1.2359160388313863e-09,4.2988504577336205e-09,14.017999991337463,"[5.686999999999999, 8.331]",1.0,1.0,1.0,1.0,1.0,1.0049694313897459e-05,results\pr_AstroSync\exp\best_band_component_pairs\15AZ\im_rec_calib\components\rank_3.png,results\pr_AstroSync\exp\best_band_component_pairs\15AZ\im_rec_calib\probabilities\rank_3.png,split_before_csp,"(0, -1)",1.0,1.0,0.0,0.0,5.0,5.0,0.0,0.0,1000.0,"[{'component': 0, 'contra': 2.726, 'ipsi': 2.961, 'component_score': 5.686999999999999}, {'component': -1, 'contra': 3.12, 'ipsi': 5.211, 'component_score': 8.331}]"
18KK,im_rec_calib.hdf,1,lda,"[8.0, 12.0]","[0, -1]","[0, 55]",4.196,0.9,0.10272400136627467,0.002029322665084437,7.960970090267111,"[2.585, 5.807]",0.9,0.92,0.9074074074074074,0.9333333333333332,0.9047619047619048,0.41759666937956813,results\pr_AstroSync\exp\best_band_component_pairs\18KK\im_rec_calib\components\rank_1.png,results\pr_AstroSync\exp\best_band_component_pairs\18KK\im_rec_calib\probabilities\rank_1.png,split_before_csp,"(0, -1)",0.9333333333333332,0.8666666666666667,0.13333333333333333,0.06666666666666667,4.666666666666667,4.333333333333333,0.6666666666666666,0.3333333333333333,1000.0,"[{'component': 0, 'contra': 2.193, 'ipsi': 0.392, 'component_score': 2.585}, {'component': -1, 'contra': 2.757, 'ipsi': 3.05, 'component_score': 5.807}]"
18KK,im_rec_calib.hdf,2,lda,"[8.0, 15.0]","[0, -1]","[0, 55]",3.9215,0.8666666666666667,0.07890824480672108,0.011326999027239113,7.5335613179904435,"[2.4939999999999998, 5.349]",0.8666666666666667,0.9733333333333333,0.85,0.7999999999999999,0.9333333333333332,0.2668597675237017,results\pr_AstroSync\exp\best_band_component_pairs\18KK\im_rec_calib\components\rank_2.png,results\pr_AstroSync\exp\best_band_component_pairs\18KK\im_rec_calib\probabilities\rank_2.png,split_before_csp,"(0, -1)",0.7999999999999999,0.9333333333333332,0.06666666666666667,0.20000000000000004,4.0,4.666666666666667,0.3333333333333333,1.0,1000.0,"[{'component': 0, 'contra': 2.09, 'ipsi': 0.404, 'component_score': 2.4939999999999998}, {'component': -1, 'contra': 2.555, 'ipsi': 2.794, 'component_score': 5.349}]"
18KK,im_rec_calib.hdf,3,lda,"[9.0, 13.0]","[0, -1]","[0, 55]",4.31,0.6666666666666666,0.28344102332259397,0.02077953985510051,7.398369189479619,"[2.6, 6.02]",0.6666666666666666,0.7733333333333334,0.5166666666666667,0.4666666666666666,0.6,1.881667111759331,results\pr_AstroSync\exp\best_band_component_pairs\18KK\im_rec_calib\components\rank_3.png,results\pr_AstroSync\exp\best_band_component_pairs\18KK\im_rec_calib\probabilities\rank_3.png,split_before_csp,"(0, -1)",0.4666666666666666,0.8666666666666667,0.13333333333333333,0.5333333333333333,2.3333333333333335,4.333333333333333,0.6666666666666666,2.6666666666666665,1000.0,"[{'component': 0, 'contra': 2.072, 'ipsi': 0.528, 'component_score': 2.6}, {'component': -1, 'contra': 2.847, 'ipsi': 3.173, 'component_score': 6.02}]"
18KK,qm_rec_calib.hdf,1,lda,"[9.0, 13.0]","[0, -1]","[0, 55]",4.4875,0.8666666666666667,0.08380039395493262,0.020050565110501777,8.59894573212724,"[3.2039999999999997, 5.771]",0.8666666666666667,0.96,0.8727272727272727,0.9333333333333332,0.8222222222222223,0.23122655702474115,results\pr_AstroSync\exp\best_band_component_pairs\18KK\qm_rec_calib\components\rank_1.png,results\pr_AstroSync\exp\best_band_component_pairs\18KK\qm_rec_calib\probabilities\rank_1.png,split_before_csp,"(0, -1)",0.9333333333333332,0.8000000000000002,0.20000000000000004,0.06666666666666667,4.666666666666667,4.0,1.0,0.3333333333333333,1000.0,"[{'component': 0, 'contra': 2.476, 'ipsi': 0.728, 'component_score': 3.2039999999999997}, {'component': -1, 'contra': 2.544, 'ipsi': 3.227, 'component_score': 5.771}]"
18KK,qm_rec_calib.hdf,2,lda,"[10.0, 14.0]","[0, -1]","[0, 55]",4.062,0.9333333333333332,0.050595334490252,0.04136837321371762,7.918481751300598,"[4.009, 4.115]",0.9333333333333332,0.9733333333333333,0.9326599326599326,0.9333333333333332,0.9444444444444445,0.15362748012072205,results\pr_AstroSync\exp\best_band_component_pairs\18KK\qm_rec_calib\components\rank_2.png,results\pr_AstroSync\exp\best_band_component_pairs\18KK\qm_rec_calib\probabilities\rank_2.png,split_before_csp,"(0, -1)",0.9333333333333332,0.9333333333333332,0.06666666666666667,0.06666666666666667,4.666666666666667,4.666666666666667,0.3333333333333333,0.3333333333333333,1000.0,"[{'component': 0, 'contra': 3.266, 'ipsi': 0.743, 'component_score': 4.009}, {'component': -1, 'contra': 1.751, 'ipsi': 2.364, 'component_score': 4.115}]"
18KK,qm_rec_calib.hdf,3,lda,"[8.0, 12.0]","[0, -1]","[0, 55]",3.7640000000000002,0.9,0.038159408017413576,2.812174437327548e-05,7.384367988222456,"[2.176, 5.352]",0.9,0.9733333333333333,0.8888888888888888,0.8666666666666667,0.9166666666666666,0.1179763871209894,results\pr_AstroSync\exp\best_band_component_pairs\18KK\qm_rec_calib\components\rank_3.png,results\pr_AstroSync\exp\best_band_component_pairs\18KK\qm_rec_calib\probabilities\rank_3.png,split_before_csp,"(0, -1)",0.8666666666666667,0.9333333333333332,0.06666666666666667,0.13333333333333333,4.333333333333333,4.666666666666667,0.3333333333333333,0.6666666666666666,1000.0,"[{'component': 0, 'contra': 1.48, 'ipsi': 0.696, 'component_score': 2.176}, {'component': -1, 'contra': 2.416, 'ipsi': 2.936, 'component_score': 5.352}]"
19VB,im_rec_calib.hdf,1,lda,"[9.0, 13.0]","[0, -1]","[0, 55]",7.91,1.0,0.011199886518405033,0.0026132791985645056,15.731408897639415,"[7.284, 8.536000000000001]",1.0,1.0,1.0,1.0,1.0,0.04339304749853872,results\pr_AstroSync\exp\best_band_component_pairs\19VB\im_rec_calib\components\rank_1.png,results\pr_AstroSync\exp\best_band_component_pairs\19VB\im_rec_calib\probabilities\rank_1.png,split_before_csp,"(0, -1)",1.0,1.0,0.0,0.0,5.0,5.0,0.0,0.0,1000.0,"[{'component': 0, 'contra': 5.675, 'ipsi': 1.609, 'component_score': 7.284}, {'component': -1, 'contra': 3.083, 'ipsi': 5.453, 'component_score': 8.536000000000001}]"
19VB,im_rec_calib.hdf,2,lda,"[10.0, 14.0]","[0, -1]","[0, 55]",8.003,0.9666666666666667,0.03971646429037318,0.0019724229541453037,15.688149136284144,"[7.9239999999999995, 8.082]",0.9666666666666667,1.0,0.9696969696969697,1.0,0.9444444444444445,0.2478806514742478,results\pr_AstroSync\exp\best_band_component_pairs\19VB\im_rec_calib\components\rank_2.png,results\pr_AstroSync\exp\best_band_component_pairs\19VB\im_rec_calib\probabilities\rank_2.png,split_before_csp,"(0, -1)",1.0,0.9333333333333332,0.06666666666666667,0.0,5.0,4.666666666666667,0.3333333333333333,0.0,1000.0,"[{'component': 0, 'contra': 6.108, 'ipsi': 1.816, 'component_score': 7.9239999999999995}, {'component': -1, 'contra': 3.074, 'ipsi': 5.008, 'component_score': 8.082}]"
19VB,im_rec_calib.hdf,3,lda,"[9.0, 13.0]","[0, 2, -1]","[0, 2, 55]",7.1113333333333335,0.9666666666666667,0.012504572694900002,0.002583181658082172,14.133742482042335,"[7.284, 5.513999999999999, 8.536000000000001]",0.9666666666666667,1.0,0.9629629629629629,0.9333333333333332,1.0,0.04494975776315711,results\pr_AstroSync\exp\best_band_component_pairs\19VB\im_rec_calib\components\rank_3.png,results\pr_AstroSync\exp\best_band_component_pairs\19VB\im_rec_calib\probabilities\rank_3.png,split_before_csp,"(0, 2, -1)",0.9333333333333332,1.0,0.0,0.06666666666666667,4.666666666666667,5.0,0.0,0.3333333333333333,1000.0,"[{'component': 0, 'contra': 5.675, 'ipsi': 1.609, 'component_score': 7.284}, {'component': 2, 'contra': 2.085, 'ipsi': 3.429, 'component_score': 5.513999999999999}, {'component': -1, 'contra': 3.083, 'ipsi': 5.453, 'component_score': 8.536000000000001}]"
19VB,qm_rec_calib.hdf,1,lda,"[9.0, 13.0]","[0, -1]","[0, 55]",11.8035,1.0,8.794368983129247e-09,2.1168766536314617e-16,23.606999896195664,"[13.748000000000001, 9.859]",1.0,1.0,1.0,1.0,1.0,1.7132933985140938e-05,results\pr_AstroSync\exp\best_band_component_pairs\19VB\qm_rec_calib\components\rank_1.png,results\pr_AstroSync\exp\best_band_component_pairs\19VB\qm_rec_calib\probabilities\rank_1.png,split_before_csp,"(0, -1)",1.0,1.0,0.0,0.0,5.0,5.0,0.0,0.0,1000.0,"[{'component': 0, 'contra': 9.182, 'ipsi': 4.566, 'component_score': 13.748000000000001}, {'component': -1, 'contra': 4.218, 'ipsi': 5.641, 'component_score': 9.859}]"
19VB,qm_rec_calib.hdf,2,lda,"[8.0, 12.0]","[0, -1]","[0, 55]",11.198999999999998,1.0,7.821491937965042e-08,8.680164959197458e-17,22.397999124071113,"[12.578999999999999, 9.818999999999999]",1.0,1.0,1.0,1.0,1.0,6.377468696693615e-05,results\pr_AstroSync\exp\best_band_component_pairs\19VB\qm_rec_calib\components\rank_2.png,results\pr_AstroSync\exp\best_band_component_pairs\19VB\qm_rec_calib\probabilities\rank_2.png,split_before_csp,"(0, -1)",1.0,1.0,0.0,0.0,5.0,5.0,0.0,0.0,1000.0,"[{'component': 0, 'contra': 8.921, 'ipsi': 3.658, 'component_score': 12.578999999999999}, {'component': -1, 'contra': 4.111, 'ipsi': 5.708, 'component_score': 9.818999999999999}]"
19VB,qm_rec_calib.hdf,3,lda,"[10.0, 14.0]","[0, -1]","[0, 55]",10.8525,0.9666666666666667,0.012522713894338176,6.872216994104363e-16,21.56909724746169,"[12.318, 9.387]",0.9666666666666667,1.0,0.9629629629629629,0.9333333333333332,1.0,0.031639462391210224,results\pr_AstroSync\exp\best_band_component_pairs\19VB\qm_rec_calib\components\rank_3.png,results\pr_AstroSync\exp\best_band_component_pairs\19VB\qm_rec_calib\probabilities\rank_3.png,split_before_csp,"(0, -1)",0.9333333333333332,1.0,0.0,0.06666666666666667,4.666666666666667,5.0,0.0,0.3333333333333333,1000.0,"[{'component': 0, 'contra': 8.452, 'ipsi': 3.866, 'component_score': 12.318}, {'component': -1, 'contra': 4.101, 'ipsi': 5.286, 'component_score': 9.387}]"
20EC,im_rec_calib.hdf,1,lda,"[10.0, 14.0]","[0, -1]","[0, 55]",4.227499999999999,0.9333333333333332,0.06672179158037646,0.05727393430972218,8.172933626093958,"[4.090999999999999, 4.364]",0.9333333333333332,0.9866666666666667,0.9166666666666666,0.8666666666666667,1.0,0.2326337818546683,results\pr_AstroSync\exp\best_band_component_pairs\20EC\im_rec_calib\components\rank_1.png,results\pr_AstroSync\exp\best_band_component_pairs\20EC\im_rec_calib\probabilities\rank_1.png,split_before_csp,"(0, -1)",0.8666666666666667,1.0,0.0,0.13333333333333333,4.333333333333333,5.0,0.0,0.6666666666666666,1000.0,"[{'component': 0, 'contra': 2.506, 'ipsi': 1.585, 'component_score': 4.090999999999999}, {'component': -1, 'contra': 2.33, 'ipsi': 2.034, 'component_score': 4.364}]"
20EC,im_rec_calib.hdf,2,lda,"[9.0, 13.0]","[0, -1]","[0, 55]",4.156000000000001,0.8666666666666667,0.10210512946093035,0.0407801978449658,7.8876510819603745,"[3.987, 4.325]",0.8666666666666667,0.9866666666666667,0.8333333333333334,0.7333333333333334,1.0,0.5173193249788887,results\pr_AstroSync\exp\best_band_component_pairs\20EC\im_rec_calib\components\rank_2.png,results\pr_AstroSync\exp\best_band_component_pairs\20EC\im_rec_calib\probabilities\rank_2.png,split_before_csp,"(0, -1)",0.7333333333333334,1.0,0.0,0.26666666666666666,3.6666666666666665,5.0,0.0,1.3333333333333333,1000.0,"[{'component': 0, 'contra': 2.364, 'ipsi': 1.623, 'component_score': 3.987}, {'component': -1, 'contra': 2.484, 'ipsi': 1.841, 'component_score': 4.325}]"
20EC,im_rec_calib.hdf,3,lda,"[8.0, 12.0]","[0, -1]","[0, 55]",3.9730000000000003,0.9,0.10505592379220925,0.04379966390498158,7.528612814773553,"[3.886, 4.0600000000000005]",0.9,0.96,0.8571428571428571,0.7999999999999999,1.0,1.364755601727028,results\pr_AstroSync\exp\best_band_component_pairs\20EC\im_rec_calib\components\rank_3.png,results\pr_AstroSync\exp\best_band_component_pairs\20EC\im_rec_calib\probabilities\rank_3.png,split_before_csp,"(0, -1)",0.7999999999999999,1.0,0.0,0.19999999999999998,4.0,5.0,0.0,1.0,1000.0,"[{'component': 0, 'contra': 2.454, 'ipsi': 1.432, 'component_score': 3.886}, {'component': -1, 'contra': 2.369, 'ipsi': 1.691, 'component_score': 4.0600000000000005}]"
20EC,qm_rec_calib.hdf,1,lda,"[8.0, 12.0]","[0, -1]","[0, 55]",2.7455,0.6333333333333333,0.31860671311427363,0.19688869745224508,4.616265269144762,"[2.073, 3.418]",0.6333333333333333,0.6933333333333334,0.6046176046176046,0.6666666666666666,0.7592592592592592,1.9744252860986264,results\pr_AstroSync\exp\best_band_component_pairs\20EC\qm_rec_calib\components\rank_1.png,results\pr_AstroSync\exp\best_band_component_pairs\20EC\qm_rec_calib\probabilities\rank_1.png,split_before_csp,"(0, -1)",0.6666666666666666,0.6,0.39999999999999997,0.3333333333333333,3.3333333333333335,3.0,2.0,1.6666666666666667,1000.0,"[{'component': 0, 'contra': 1.012, 'ipsi': 1.061, 'component_score': 2.073}, {'component': -1, 'contra': 1.351, 'ipsi': 2.067, 'component_score': 3.418}]"
20EC,qm_rec_calib.hdf,2,lda,"[9.0, 13.0]","[0, -1]","[0, 55]",2.3345000000000002,0.7000000000000001,0.2489265336563311,0.18958784023480177,4.087881007179296,"[1.924, 2.745]",0.7000000000000001,0.8000000000000002,0.6495726495726496,0.6666666666666666,0.8333333333333334,0.9208814581733389,results\pr_AstroSync\exp\best_band_component_pairs\20EC\qm_rec_calib\components\rank_2.png,results\pr_AstroSync\exp\best_band_component_pairs\20EC\qm_rec_calib\probabilities\rank_2.png,split_before_csp,"(0, -1)",0.6666666666666666,0.7333333333333334,0.26666666666666666,0.3333333333333333,3.3333333333333335,3.6666666666666665,1.3333333333333333,1.6666666666666667,1000.0,"[{'component': 0, 'contra': 0.913, 'ipsi': 1.011, 'component_score': 1.924}, {'component': -1, 'contra': 0.981, 'ipsi': 1.764, 'component_score': 2.745}]"
20EC,qm_rec_calib.hdf,3,lda,"[8.0, 15.0]","[0, -1]","[0, 55]",2.3295,0.7000000000000001,0.2686131790458015,0.2069833826202391,4.033265599412805,"[2.01, 2.649]",0.7000000000000001,0.7066666666666667,0.6919006919006918,0.6666666666666666,0.8333333333333334,1.6557245178958275,results\pr_AstroSync\exp\best_band_component_pairs\20EC\qm_rec_calib\components\rank_3.png,results\pr_AstroSync\exp\best_band_component_pairs\20EC\qm_rec_calib\probabilities\rank_3.png,split_before_csp,"(0, -1)",0.6666666666666666,0.7333333333333334,0.26666666666666666,0.3333333333333333,3.3333333333333335,3.6666666666666665,1.3333333333333333,1.6666666666666667,1000.0,"[{'component': 0, 'contra': 0.981, 'ipsi': 1.029, 'component_score': 2.01}, {'component': -1, 'contra': 0.994, 'ipsi': 1.655, 'component_score': 2.649}]"
21EC,im_rec_calib.hdf,1,lda,"[8.0, 12.0]","[0, -1]","[0, 55]",4.507,0.9,0.06800717166274821,0.03023819191183976,8.707491677315993,"[3.779, 5.234999999999999]",0.9,0.9333333333333332,0.9023569023569022,0.9333333333333332,0.888888888888889,0.5785669770326686,results\pr_AstroSync\exp\best_band_component_pairs\21EC\im_rec_calib\components\rank_1.png,results\pr_AstroSync\exp\best_band_component_pairs\21EC\im_rec_calib\probabilities\rank_1.png,split_before_csp,"(0, -1)",0.9333333333333332,0.8666666666666667,0.13333333333333333,0.06666666666666667,4.666666666666667,4.333333333333333,0.6666666666666666,0.3333333333333333,1000.0,"[{'component': 0, 'contra': 2.632, 'ipsi': 1.147, 'component_score': 3.779}, {'component': -1, 'contra': 2.73, 'ipsi': 2.505, 'component_score': 5.234999999999999}]"
21EC,im_rec_calib.hdf,2,lda,"[9.0, 13.0]","[0, -1]","[0, 55]",4.339,0.8333333333333334,0.09329468881904272,0.026689310180372093,8.273194345214174,"[4.525, 4.1530000000000005]",0.8333333333333334,0.96,0.7904761904761904,0.7333333333333334,0.9333333333333332,0.3018323460673864,results\pr_AstroSync\exp\best_band_component_pairs\21EC\im_rec_calib\components\rank_2.png,results\pr_AstroSync\exp\best_band_component_pairs\21EC\im_rec_calib\probabilities\rank_2.png,split_before_csp,"(0, -1)",0.7333333333333334,0.9333333333333332,0.06666666666666667,0.26666666666666666,3.6666666666666665,4.666666666666667,0.3333333333333333,1.3333333333333333,1000.0,"[{'component': 0, 'contra': 3.027, 'ipsi': 1.498, 'component_score': 4.525}, {'component': -1, 'contra': 1.218, 'ipsi': 2.935, 'component_score': 4.1530000000000005}]"
21EC,im_rec_calib.hdf,3,lda,"[8.0, 12.0]","[0, 1, -1]","[0, 1, 55]",4.237666666666667,0.9,0.09038729048339328,0.010565214954823321,8.09230212536154,"[3.779, 3.699, 5.234999999999999]",0.9,0.9733333333333333,0.8863636363636364,0.8666666666666667,0.9444444444444445,0.8039189211607788,results\pr_AstroSync\exp\best_band_component_pairs\21EC\im_rec_calib\components\rank_3.png,results\pr_AstroSync\exp\best_band_component_pairs\21EC\im_rec_calib\probabilities\rank_3.png,split_before_csp,"(0, 1, -1)",0.8666666666666667,0.9333333333333332,0.06666666666666667,0.13333333333333333,4.333333333333333,4.666666666666667,0.3333333333333333,0.6666666666666666,1000.0,"[{'component': 0, 'contra': 2.632, 'ipsi': 1.147, 'component_score': 3.779}, {'component': 1, 'contra': 2.206, 'ipsi': 1.493, 'component_score': 3.699}, {'component': -1, 'contra': 2.73, 'ipsi': 2.505, 'component_score': 5.234999999999999}]"
21EC,qm_rec_calib.hdf,1,lda,"[8.0, 12.0]","[0, 1, -1]","[0, 1, 55]",4.833333333333333,0.9333333333333332,0.03947387403353173,0.026296682526267046,9.475876275504596,"[4.451, 5.5120000000000005, 4.537]",0.9333333333333332,1.0,0.9326599326599326,0.9333333333333332,0.9444444444444445,0.11012638562695139,results\pr_AstroSync\exp\best_band_component_pairs\21EC\qm_rec_calib\components\rank_1.png,results\pr_AstroSync\exp\best_band_component_pairs\21EC\qm_rec_calib\probabilities\rank_1.png,split_before_csp,"(0, 1, -1)",0.9333333333333332,0.9333333333333332,0.06666666666666667,0.06666666666666667,4.666666666666667,4.666666666666667,0.3333333333333333,0.3333333333333333,1000.0,"[{'component': 0, 'contra': 0.655, 'ipsi': 3.796, 'component_score': 4.451}, {'component': 1, 'contra': 2.776, 'ipsi': 2.736, 'component_score': 5.5120000000000005}, {'component': -1, 'contra': 1.357, 'ipsi': 3.18, 'component_score': 4.537}]"
21EC,qm_rec_calib.hdf,2,lda,"[9.0, 13.0]","[0, 1, -1]","[0, 1, 55]",4.639333333333333,0.9666666666666667,0.03323968920284076,0.02671396692475787,9.124456668558286,"[3.693, 5.618, 4.607]",0.9666666666666667,0.9866666666666667,0.9629629629629629,0.9333333333333332,1.0,0.19097702010638865,results\pr_AstroSync\exp\best_band_component_pairs\21EC\qm_rec_calib\components\rank_2.png,results\pr_AstroSync\exp\best_band_component_pairs\21EC\qm_rec_calib\probabilities\rank_2.png,split_before_csp,"(0, 1, -1)",0.9333333333333332,1.0,0.0,0.06666666666666667,4.666666666666667,5.0,0.0,0.3333333333333333,1000.0,"[{'component': 0, 'contra': 3.366, 'ipsi': 0.327, 'component_score': 3.693}, {'component': 1, 'contra': 2.101, 'ipsi': 3.517, 'component_score': 5.618}, {'component': -1, 'contra': 1.612, 'ipsi': 2.995, 'component_score': 4.607}]"
21EC,qm_rec_calib.hdf,3,lda,"[8.0, 12.0]","[0, 1]","[0, 1]",4.9815000000000005,0.7999999999999999,0.1741811567234481,0.24105463975559643,9.095316567782143,"[4.451, 5.5120000000000005]",0.7999999999999999,0.88,0.7104377104377103,0.6666666666666666,0.9444444444444445,0.6820573731249248,results\pr_AstroSync\exp\best_band_component_pairs\21EC\qm_rec_calib\components\rank_3.png,results\pr_AstroSync\exp\best_band_component_pairs\21EC\qm_rec_calib\probabilities\rank_3.png,split_before_csp,"(0, 1)",0.6666666666666666,0.9333333333333332,0.06666666666666667,0.3333333333333333,3.3333333333333335,4.666666666666667,0.3333333333333333,1.6666666666666667,1000.0,"[{'component': 0, 'contra': 0.655, 'ipsi': 3.796, 'component_score': 4.451}, {'component': 1, 'contra': 2.776, 'ipsi': 2.736, 'component_score': 5.5120000000000005}]"
22ES,im_rec_calib.hdf,1,lda,"[10.0, 14.0]","[0, -1]","[0, 55]",4.522,0.9,0.08471742538862949,0.03933428597380409,8.660907802392618,"[5.252, 3.792]",0.9,0.9866666666666667,0.8956228956228957,0.8666666666666667,0.9444444444444445,0.27940418757090424,results\pr_AstroSync\exp\best_band_component_pairs\22ES\im_rec_calib\components\rank_1.png,results\pr_AstroSync\exp\best_band_component_pairs\22ES\im_rec_calib\probabilities\rank_1.png,split_before_csp,"(0, -1)",0.8666666666666667,0.9333333333333332,0.06666666666666667,0.13333333333333333,4.333333333333333,4.666666666666667,0.3333333333333333,0.6666666666666666,1000.0,"[{'component': 0, 'contra': 3.876, 'ipsi': 1.376, 'component_score': 5.252}, {'component': -1, 'contra': 0.948, 'ipsi': 2.844, 'component_score': 3.792}]"
22ES,im_rec_calib.hdf,2,lda,"[9.0, 13.0]","[0, -1]","[0, 55]",3.8655,0.7333333333333334,0.1573256599087038,0.05447476539000344,7.122857661622906,"[4.3309999999999995, 3.4]",0.7333333333333334,0.96,0.6601731601731601,0.6,0.8333333333333334,0.45683282554223353,results\pr_AstroSync\exp\best_band_component_pairs\22ES\im_rec_calib\components\rank_2.png,results\pr_AstroSync\exp\best_band_component_pairs\22ES\im_rec_calib\probabilities\rank_2.png,split_before_csp,"(0, -1)",0.6,0.8666666666666667,0.13333333333333333,0.39999999999999997,3.0,4.333333333333333,0.6666666666666666,2.0,1000.0,"[{'component': 0, 'contra': 2.961, 'ipsi': 1.37, 'component_score': 4.3309999999999995}, {'component': -1, 'contra': 0.601, 'ipsi': 2.799, 'component_score': 3.4}]"
22ES,im_rec_calib.hdf,3,lda,"[10.0, 14.0]","[0, -2, -1]","[0, 54, 55]",3.3023333333333333,0.8666666666666667,0.11137296532100298,0.022076498993847095,6.2368760108549415,"[5.252, 0.863, 3.792]",0.8666666666666667,0.9866666666666667,0.8493265993265994,0.7999999999999999,0.9444444444444445,0.4461066589078219,results\pr_AstroSync\exp\best_band_component_pairs\22ES\im_rec_calib\components\rank_3.png,results\pr_AstroSync\exp\best_band_component_pairs\22ES\im_rec_calib\probabilities\rank_3.png,split_before_csp,"(0, -2, -1)",0.7999999999999999,0.9333333333333332,0.06666666666666667,0.20000000000000004,4.0,4.666666666666667,0.3333333333333333,1.0,1000.0,"[{'component': 0, 'contra': 3.876, 'ipsi': 1.376, 'component_score': 5.252}, {'component': -2, 'contra': 0.294, 'ipsi': 0.569, 'component_score': 0.863}, {'component': -1, 'contra': 0.948, 'ipsi': 2.844, 'component_score': 3.792}]"
22ES,qm_rec_calib.hdf,1,lda,"[10.0, 14.0]","[0, -1]","[0, 55]",4.779,0.9666666666666667,0.03872221815271693,0.02498425061230048,9.372946519448165,"[4.788, 4.77]",0.9666666666666667,0.9733333333333333,0.9696969696969697,1.0,0.9444444444444445,0.20966112746040433,results\pr_AstroSync\exp\best_band_component_pairs\22ES\qm_rec_calib\components\rank_1.png,results\pr_AstroSync\exp\best_band_component_pairs\22ES\qm_rec_calib\probabilities\rank_1.png,split_before_csp,"(0, -1)",1.0,0.9333333333333332,0.06666666666666667,0.0,5.0,4.666666666666667,0.3333333333333333,0.0,1000.0,"[{'component': 0, 'contra': 3.872, 'ipsi': 0.916, 'component_score': 4.788}, {'component': -1, 'contra': 1.411, 'ipsi': 3.359, 'component_score': 4.77}]"
22ES,qm_rec_calib.hdf,2,lda,"[9.0, 13.0]","[0, -1]","[0, 55]",3.962,0.8666666666666667,0.10908024172666712,0.03244592119090849,7.491824082278945,"[3.4450000000000003, 4.479]",0.8666666666666667,0.9333333333333332,0.865993265993266,0.8666666666666667,0.8777777777777778,0.567006774607434,results\pr_AstroSync\exp\best_band_component_pairs\22ES\qm_rec_calib\components\rank_2.png,results\pr_AstroSync\exp\best_band_component_pairs\22ES\qm_rec_calib\probabilities\rank_2.png,split_before_csp,"(0, -1)",0.8666666666666667,0.8666666666666667,0.13333333333333333,0.13333333333333333,4.333333333333333,4.333333333333333,0.6666666666666666,0.6666666666666666,1000.0,"[{'component': 0, 'contra': 2.725, 'ipsi': 0.72, 'component_score': 3.4450000000000003}, {'component': -1, 'contra': 1.368, 'ipsi': 3.111, 'component_score': 4.479}]"
22ES,qm_rec_calib.hdf,3,lda,"[8.0, 15.0]","[0, -1]","[0, 55]",3.819,0.9,0.08688424726705646,0.03100499242044058,7.306189059687111,"[3.6999999999999997, 3.938]",0.9,0.9333333333333332,0.9023569023569022,0.9333333333333332,0.888888888888889,0.46245294294669875,results\pr_AstroSync\exp\best_band_component_pairs\22ES\qm_rec_calib\components\rank_3.png,results\pr_AstroSync\exp\best_band_component_pairs\22ES\qm_rec_calib\probabilities\rank_3.png,split_before_csp,"(0, -1)",0.9333333333333332,0.8666666666666667,0.13333333333333333,0.06666666666666667,4.666666666666667,4.333333333333333,0.6666666666666666,0.3333333333333333,1000.0,"[{'component': 0, 'contra': 2.909, 'ipsi': 0.791, 'component_score': 3.6999999999999997}, {'component': -1, 'contra': 1.112, 'ipsi': 2.826, 'component_score': 3.938}]"
23MM,im_rec_calib.hdf,1,lda,"[10.0, 14.0]","[0, -1]","[0, 55]",4.135,0.9,0.059638697734579575,0.029227791210606563,8.023393984867512,"[5.368, 2.902]",0.9,0.9333333333333332,0.9090909090909091,1.0,0.8333333333333334,0.979698193553288,results\pr_AstroSync\exp\best_band_component_pairs\23MM\im_rec_calib\components\rank_1.png,results\pr_AstroSync\exp\best_band_component_pairs\23MM\im_rec_calib\probabilities\rank_1.png,split_before_csp,"(0, -1)",1.0,0.8000000000000002,0.20000000000000004,0.0,5.0,4.0,1.0,0.0,1000.0,"[{'component': 0, 'contra': 4.759, 'ipsi': 0.609, 'component_score': 5.368}, {'component': -1, 'contra': 0.733, 'ipsi': 2.169, 'component_score': 2.902}]"
23MM,im_rec_calib.hdf,2,lda,"[9.0, 13.0]","[0, -1]","[0, 55]",4.1575,0.8666666666666667,0.09994137247881625,0.027417739394378738,7.8994937439193205,"[5.367, 2.948]",0.8666666666666667,0.96,0.8518518518518517,0.7999999999999999,0.9166666666666666,0.30876856736697383,results\pr_AstroSync\exp\best_band_component_pairs\23MM\im_rec_calib\components\rank_2.png,results\pr_AstroSync\exp\best_band_component_pairs\23MM\im_rec_calib\probabilities\rank_2.png,split_before_csp,"(0, -1)",0.7999999999999999,0.9333333333333332,0.06666666666666667,0.20000000000000004,4.0,4.666666666666667,0.3333333333333333,1.0,1000.0,"[{'component': 0, 'contra': 4.774, 'ipsi': 0.593, 'component_score': 5.367}, {'component': -1, 'contra': 0.564, 'ipsi': 2.384, 'component_score': 2.948}]"
23MM,im_rec_calib.hdf,3,lda,"[8.0, 12.0]","[0, -1]","[0, 55]",3.9370000000000003,0.8666666666666667,0.10108837525685688,0.01949712207867644,7.476015066613755,"[5.5360000000000005, 2.338]",0.8666666666666667,0.9733333333333333,0.8518518518518517,0.7999999999999999,0.9166666666666666,0.33472120254086873,results\pr_AstroSync\exp\best_band_component_pairs\23MM\im_rec_calib\components\rank_3.png,results\pr_AstroSync\exp\best_band_component_pairs\23MM\im_rec_calib\probabilities\rank_3.png,split_before_csp,"(0, -1)",0.7999999999999999,0.9333333333333332,0.06666666666666667,0.20000000000000004,4.0,4.666666666666667,0.3333333333333333,1.0,1000.0,"[{'component': 0, 'contra': 4.854, 'ipsi': 0.682, 'component_score': 5.5360000000000005}, {'component': -1, 'contra': 0.307, 'ipsi': 2.031, 'component_score': 2.338}]"
23MM,qm_rec_calib.hdf,1,lda,"[8.0, 12.0]","[0, -1]","[0, 55]",4.604,0.8666666666666667,0.08467875373428996,0.0524568557526127,8.81813901780733,"[5.825, 3.383]",0.8666666666666667,0.9733333333333333,0.85,0.7999999999999999,0.9333333333333332,0.25769288605303403,results\pr_AstroSync\exp\best_band_component_pairs\23MM\qm_rec_calib\components\rank_1.png,results\pr_AstroSync\exp\best_band_component_pairs\23MM\qm_rec_calib\probabilities\rank_1.png,split_before_csp,"(0, -1)",0.7999999999999999,0.9333333333333332,0.06666666666666667,0.20000000000000004,4.0,4.666666666666667,0.3333333333333333,1.0,1000.0,"[{'component': 0, 'contra': 4.743, 'ipsi': 1.082, 'component_score': 5.825}, {'component': -1, 'contra': 0.77, 'ipsi': 2.613, 'component_score': 3.383}]"
23MM,qm_rec_calib.hdf,2,lda,"[9.0, 13.0]","[0, -1]","[0, 55]",4.3315,0.9,0.05438081979988104,0.03282579778803175,8.427449479036817,"[5.4399999999999995, 3.2230000000000003]",0.9,0.9866666666666667,0.8962962962962964,0.8666666666666667,0.9333333333333332,0.16948475851891473,results\pr_AstroSync\exp\best_band_component_pairs\23MM\qm_rec_calib\components\rank_2.png,results\pr_AstroSync\exp\best_band_component_pairs\23MM\qm_rec_calib\probabilities\rank_2.png,split_before_csp,"(0, -1)",0.8666666666666667,0.9333333333333332,0.06666666666666667,0.13333333333333333,4.333333333333333,4.666666666666667,0.3333333333333333,0.6666666666666666,1000.0,"[{'component': 0, 'contra': 4.31, 'ipsi': 1.13, 'component_score': 5.4399999999999995}, {'component': -1, 'contra': 0.789, 'ipsi': 2.434, 'component_score': 3.2230000000000003}]"
23MM,qm_rec_calib.hdf,3,lda,"[10.0, 14.0]","[0, -1]","[0, 55]",4.061999999999999,0.9333333333333332,0.053618328746990795,0.027736422980058784,7.906202348629723,"[4.843999999999999, 3.28]",0.9333333333333332,0.9733333333333333,0.9326599326599326,0.9333333333333332,0.9444444444444445,0.21048168674257076,results\pr_AstroSync\exp\best_band_component_pairs\23MM\qm_rec_calib\components\rank_3.png,results\pr_AstroSync\exp\best_band_component_pairs\23MM\qm_rec_calib\probabilities\rank_3.png,split_before_csp,"(0, -1)",0.9333333333333332,0.9333333333333332,0.06666666666666667,0.06666666666666667,4.666666666666667,4.666666666666667,0.3333333333333333,0.3333333333333333,1000.0,"[{'component': 0, 'contra': 3.828, 'ipsi': 1.016, 'component_score': 4.843999999999999}, {'component': -1, 'contra': 0.751, 'ipsi': 2.529, 'component_score': 3.28}]"
24EK,im_rec_calib.hdf,1,lda,"[9.0, 13.0]","[0, 1]","[0, 1]",2.5175,0.6666666666666666,0.2331888242090203,0.176626592333178,4.447947135053791,"[1.209, 3.826]",0.6666666666666666,0.8666666666666667,0.722943722943723,0.8666666666666667,0.6296296296296297,1.0538729932410429,results\pr_AstroSync\exp\best_band_component_pairs\24EK\im_rec_calib\components\rank_1.png,results\pr_AstroSync\exp\best_band_component_pairs\24EK\im_rec_calib\probabilities\rank_1.png,split_before_csp,"(0, 1)",0.8666666666666667,0.4666666666666666,0.5333333333333333,0.13333333333333333,4.333333333333333,2.3333333333333335,2.6666666666666665,0.6666666666666666,1000.0,"[{'component': 0, 'contra': 0.57, 'ipsi': 0.639, 'component_score': 1.209}, {'component': 1, 'contra': 1.564, 'ipsi': 2.262, 'component_score': 3.826}]"
24EK,im_rec_calib.hdf,2,lda,"[8.0, 12.0]","[0, 1]","[0, 1]",2.346,0.7999999999999999,0.16049331607647474,0.17663705585257755,4.315482680484591,"[0.792, 3.9]",0.7999999999999999,0.84,0.8030303030303031,0.8666666666666667,0.7658730158730158,0.5358683141387212,results\pr_AstroSync\exp\best_band_component_pairs\24EK\im_rec_calib\components\rank_2.png,results\pr_AstroSync\exp\best_band_component_pairs\24EK\im_rec_calib\probabilities\rank_2.png,split_before_csp,"(0, 1)",0.8666666666666667,0.7333333333333334,0.26666666666666666,0.13333333333333333,4.333333333333333,3.6666666666666665,1.3333333333333333,0.6666666666666666,1000.0,"[{'component': 0, 'contra': 0.346, 'ipsi': 0.446, 'component_score': 0.792}, {'component': 1, 'contra': 1.483, 'ipsi': 2.417, 'component_score': 3.9}]"
24EK,im_rec_calib.hdf,3,lda,"[8.0, 12.0]","[0, 1, -2, -1]","[0, 1, 54, 55]",2.28625,0.8333333333333334,0.12620264022733838,0.06310605384918726,4.283969213780248,"[0.792, 3.9, 2.534, 1.919]",0.8333333333333334,0.88,0.8675213675213675,1.0,0.7797619047619048,0.60506382828386,results\pr_AstroSync\exp\best_band_component_pairs\24EK\im_rec_calib\components\rank_3.png,results\pr_AstroSync\exp\best_band_component_pairs\24EK\im_rec_calib\probabilities\rank_3.png,split_before_csp,"(0, 1, -2, -1)",1.0,0.6666666666666666,0.3333333333333333,0.0,5.0,3.3333333333333335,1.6666666666666667,0.0,1000.0,"[{'component': 0, 'contra': 0.346, 'ipsi': 0.446, 'component_score': 0.792}, {'component': 1, 'contra': 1.483, 'ipsi': 2.417, 'component_score': 3.9}, {'component': -2, 'contra': 1.227, 'ipsi': 1.307, 'component_score': 2.534}, {'component': -1, 'contra': 0.931, 'ipsi': 0.988, 'component_score': 1.919}]"
24EK,qm_rec_calib.hdf,1,lda,"[10.0, 14.0]","[0, 1]","[0, 1]",1.696,0.6666666666666666,0.2652125272413892,0.22324385047881573,2.942199553798604,"[0.7669999999999999, 2.625]",0.6666666666666666,0.8133333333333334,0.44047619047619047,0.3333333333333333,0.6666666666666666,1.6046939027126241,results\pr_AstroSync\exp\best_band_component_pairs\24EK\qm_rec_calib\components\rank_1.png,results\pr_AstroSync\exp\best_band_component_pairs\24EK\qm_rec_calib\probabilities\rank_1.png,split_before_csp,"(0, 1)",0.3333333333333333,1.0,0.0,0.6666666666666666,1.6666666666666667,5.0,0.0,3.3333333333333335,1000.0,"[{'component': 0, 'contra': 0.578, 'ipsi': 0.189, 'component_score': 0.7669999999999999}, {'component': 1, 'contra': 1.083, 'ipsi': 1.542, 'component_score': 2.625}]"
24EK,qm_rec_calib.hdf,2,lda,"[9.0, 13.0]","[0, 1]","[0, 1]",1.417,0.7000000000000001,0.30171468169566656,0.2498174895448358,2.4064702960372406,"[1.028, 1.806]",0.7000000000000001,0.68,0.6626984126984127,0.6,0.8571428571428571,2.479247192267833,results\pr_AstroSync\exp\best_band_component_pairs\24EK\qm_rec_calib\components\rank_2.png,results\pr_AstroSync\exp\best_band_component_pairs\24EK\qm_rec_calib\probabilities\rank_2.png,split_before_csp,"(0, 1)",0.6,0.7999999999999999,0.19999999999999998,0.39999999999999997,3.0,4.0,1.0,2.0,1000.0,"[{'component': 0, 'contra': 0.244, 'ipsi': 0.784, 'component_score': 1.028}, {'component': 1, 'contra': 0.94, 'ipsi': 0.866, 'component_score': 1.806}]"
24EK,qm_rec_calib.hdf,3,lda,"[9.0, 13.0]","[0, 1, -2, -1]","[0, 1, 54, 55]",1.35475,0.6,0.33099751049663295,0.07568599936302516,2.2610811226546863,"[1.028, 1.806, 1.9329999999999998, 0.6519999999999999]",0.6,0.7333333333333334,0.35714285714285715,0.26666666666666666,0.5555555555555555,4.052558467058563,results\pr_AstroSync\exp\best_band_component_pairs\24EK\qm_rec_calib\components\rank_3.png,results\pr_AstroSync\exp\best_band_component_pairs\24EK\qm_rec_calib\probabilities\rank_3.png,split_before_csp,"(0, 1, -2, -1)",0.26666666666666666,0.9333333333333332,0.06666666666666667,0.7333333333333334,1.3333333333333333,4.666666666666667,0.3333333333333333,3.6666666666666665,1000.0,"[{'component': 0, 'contra': 0.244, 'ipsi': 0.784, 'component_score': 1.028}, {'component': 1, 'contra': 0.94, 'ipsi': 0.866, 'component_score': 1.806}, {'component': -2, 'contra': 0.733, 'ipsi': 1.2, 'component_score': 1.9329999999999998}, {'component': -1, 'contra': 0.173, 'ipsi': 0.479, 'component_score': 0.6519999999999999}]"
25PP,im_rec_calib.hdf,1,lda,"[9.0, 13.0]","[0, 1]","[0, 1]",2.4185,0.7999999999999999,0.13277527107905052,0.1682433353345757,4.515883006895316,"[3.827, 1.01]",0.7999999999999999,0.9333333333333332,0.8181818181818182,0.8666666666666667,0.7777777777777777,0.40109793706750835,results\pr_AstroSync\exp\best_band_component_pairs\25PP\im_rec_calib\components\rank_1.png,results\pr_AstroSync\exp\best_band_component_pairs\25PP\im_rec_calib\probabilities\rank_1.png,split_before_csp,"(0, 1)",0.8666666666666667,0.7333333333333334,0.26666666666666666,0.13333333333333333,4.333333333333333,3.6666666666666665,1.3333333333333333,0.6666666666666666,1000.0,"[{'component': 0, 'contra': 2.558, 'ipsi': 1.269, 'component_score': 3.827}, {'component': 1, 'contra': 0.298, 'ipsi': 0.712, 'component_score': 1.01}]"
25PP,im_rec_calib.hdf,2,lda,"[9.0, 13.0]","[0, -1]","[0, 55]",2.4154999999999998,0.8666666666666667,0.14207654683053442,0.01625547785248255,4.4878141011308434,"[3.827, 1.004]",0.8666666666666667,0.88,0.8592592592592592,0.8000000000000002,0.9333333333333332,0.6972835762163045,results\pr_AstroSync\exp\best_band_component_pairs\25PP\im_rec_calib\components\rank_2.png,results\pr_AstroSync\exp\best_band_component_pairs\25PP\im_rec_calib\probabilities\rank_2.png,split_before_csp,"(0, -1)",0.8000000000000002,0.9333333333333332,0.06666666666666667,0.20000000000000004,4.0,4.666666666666667,0.3333333333333333,1.0,1000.0,"[{'component': 0, 'contra': 2.558, 'ipsi': 1.269, 'component_score': 3.827}, {'component': -1, 'contra': 0.838, 'ipsi': 0.166, 'component_score': 1.004}]"
25PP,im_rec_calib.hdf,3,lda,"[8.0, 12.0]","[0, 1]","[0, 1]",2.2855,0.7000000000000001,0.24472235392812317,0.15997627504210504,4.011687060097274,"[3.747, 0.8240000000000001]",0.7000000000000001,0.8266666666666667,0.6753246753246752,0.6666666666666666,0.7777777777777778,1.021820368891864,results\pr_AstroSync\exp\best_band_component_pairs\25PP\im_rec_calib\components\rank_3.png,results\pr_AstroSync\exp\best_band_component_pairs\25PP\im_rec_calib\probabilities\rank_3.png,split_before_csp,"(0, 1)",0.6666666666666666,0.7333333333333334,0.26666666666666666,0.3333333333333333,3.3333333333333335,3.6666666666666665,1.3333333333333333,1.6666666666666667,1000.0,"[{'component': 0, 'contra': 2.402, 'ipsi': 1.345, 'component_score': 3.747}, {'component': 1, 'contra': 0.153, 'ipsi': 0.671, 'component_score': 0.8240000000000001}]"
25PP,qm_rec_calib.hdf,1,lda,"[8.0, 12.0]","[0, 1]","[0, 1]",3.779,0.7333333333333334,0.19514672689504972,0.19487403409912613,6.820540519063607,"[4.659, 2.899]",0.7333333333333334,0.9466666666666667,0.7975357975357976,1.0,0.6712962962962963,0.6176131939858924,results\pr_AstroSync\exp\best_band_component_pairs\25PP\qm_rec_calib\components\rank_1.png,results\pr_AstroSync\exp\best_band_component_pairs\25PP\qm_rec_calib\probabilities\rank_1.png,split_before_csp,"(0, 1)",1.0,0.46666666666666673,0.5333333333333333,0.0,5.0,2.3333333333333335,2.6666666666666665,0.0,1000.0,"[{'component': 0, 'contra': 2.901, 'ipsi': 1.758, 'component_score': 4.659}, {'component': 1, 'contra': 0.293, 'ipsi': 2.606, 'component_score': 2.899}]"
25PP,qm_rec_calib.hdf,2,lda,"[9.0, 13.0]","[0, 1]","[0, 1]",3.5805000000000002,0.7666666666666666,0.218578884275751,0.19384991880321634,6.378378304850674,"[4.1240000000000006, 3.037]",0.7666666666666666,0.96,0.8158508158508159,1.0,0.6944444444444445,0.7430524325452968,results\pr_AstroSync\exp\best_band_component_pairs\25PP\qm_rec_calib\components\rank_2.png,results\pr_AstroSync\exp\best_band_component_pairs\25PP\qm_rec_calib\probabilities\rank_2.png,split_before_csp,"(0, 1)",1.0,0.5333333333333333,0.4666666666666666,0.0,5.0,2.6666666666666665,2.3333333333333335,0.0,1000.0,"[{'component': 0, 'contra': 2.72, 'ipsi': 1.404, 'component_score': 4.1240000000000006}, {'component': 1, 'contra': 0.389, 'ipsi': 2.648, 'component_score': 3.037}]"
25PP,qm_rec_calib.hdf,3,lda,"[8.0, 15.0]","[0, 1]","[0, 1]",3.2800000000000002,0.7000000000000001,0.19530873254409375,0.20499061274472305,5.919387357255373,"[3.878, 2.682]",0.7000000000000001,0.9733333333333333,0.7792207792207791,1.0,0.6481481481481483,0.6609396617583175,results\pr_AstroSync\exp\best_band_component_pairs\25PP\qm_rec_calib\components\rank_3.png,results\pr_AstroSync\exp\best_band_component_pairs\25PP\qm_rec_calib\probabilities\rank_3.png,split_before_csp,"(0, 1)",1.0,0.4000000000000001,0.6,0.0,5.0,2.0,3.0,0.0,1000.0,"[{'component': 0, 'contra': 2.325, 'ipsi': 1.553, 'component_score': 3.878}, {'component': 1, 'contra': 0.257, 'ipsi': 2.425, 'component_score': 2.682}]"
